35632515	1	?? ?? ????? ??????? ??? ??????? ?	???????	??????	???????	??????????	???????	"??????? ?? ????? ??????? ??? ??????? ????? ???? ????? ??? ???????? ???? ???? ????? ????? ?? ??? ????? ?????? ????????? ????? ?????? ?????? ???????? ??????? ??? ??????? ?? ??? ??????? ???????? ???? ??? ?????? 9.7 ????? ???? ??? ???????? ??? 2018 ?????? 10.6% ?? ?????? ????? ???? ???."
35632516	1	?? ?? ????? ??????? ??? ??????? ?	???????	??????	???????	??????????	???????	"??????? ?? ????? ??????? ??? ??????? ????? ???? ????? ??? ???????? ???? ???? ????? ????? ?? ??? ????? ?????? ????????? ????? ?????? ?????? ???????? ??????? ??? ??????? ?? ??? ??????? ???????? ???? ??? ?????? 9.7 ????? ???? ??? ???????? ??? 2018 ?????? 10.6% ?? ?????? ????? ???? ???."
35632517	1	?? ?? ????? ??????? ??? ??????? ?	???????	??????	???????	??????????	???????	"??????? ?? ????? ??????? ??? ??????? ????? ???? ????? ??? ???????? ???? ???? ????? ????? ?? ??? ????? ?????? ????????? ????? ?????? ?????? ???????? ??????? ??? ??????? ?? ??? ??????? ???????? ???? ??? ?????? 9.7 ????? ???? ??? ???????? ??? 2018 ?????? 10.6% ?? ?????? ????? ???? ???."
35632518	1	?? ?? ????? ??????? ??? ??????? ?	???????	??????	???????	??????????	???????	"??????? ?? ????? ??????? ??? ??????? ????? ???? ????? ??? ???????? ???? ???? ????? ????? ?? ??? ????? ?????? ????????? ????? ?????? ?????? ???????? ??????? ??? ??????? ?? ??? ??????? ???????? ???? ??? ?????? 9.7 ????? ???? ??? ???????? ??? 2018 ?????? 10.6% ?? ?????? ????? ???? ???."
35632519	1	?? ?? ????? ??????? ??? ??????? ?	???????	??????	???????	??????????	???????	"??????? ?? ????? ??????? ??? ??????? ????? ???? ????? ??? ???????? ???? ???? ????? ????? ?? ??? ????? ?????? ????????? ????? ?????? ?????? ???????? ??????? ??? ??????? ?? ??? ??????? ???????? ???? ??? ?????? 9.7 ????? ???? ??? ???????? ??? 2018 ?????? 10.6% ?? ?????? ????? ???? ???."
35632520	1	?? ?? ????? ??????? ??? ??????? ?	???????	??????	???????	??????????	???????	"??????? ?? ????? ??????? ??? ??????? ????? ???? ????? ??? ???????? ???? ???? ????? ????? ?? ??? ????? ?????? ????????? ????? ?????? ?????? ???????? ??????? ??? ??????? ?? ??? ??????? ???????? ???? ??? ?????? 9.7 ????? ???? ??? ???????? ??? 2018 ?????? 10.6% ?? ?????? ????? ???? ???."
35632521	1	?? ?? ????? ??????? ??? ??????? ?	???????	??????	???????	??????????	???????	"??????? ?? ????? ??????? ??? ??????? ????? ???? ????? ??? ???????? ???? ???? ????? ????? ?? ??? ????? ?????? ????????? ????? ?????? ?????? ???????? ??????? ??? ??????? ?? ??? ??????? ???????? ???? ??? ?????? 9.7 ????? ???? ??? ???????? ??? 2018 ?????? 10.6% ?? ?????? ????? ???? ???."
35632522	1	?? ?? ????? ??????? ??? ??????? ?	???????	??????	???????	??????????	???????	"??????? ?? ????? ??????? ??? ??????? ????? ???? ????? ??? ???????? ???? ???? ????? ????? ?? ??? ????? ?????? ????????? ????? ?????? ?????? ???????? ??????? ??? ??????? ?? ??? ??????? ???????? ???? ??? ?????? 9.7 ????? ???? ??? ???????? ??? 2018 ?????? 10.6% ?? ?????? ????? ???? ???."
35632523	1	?? ?? ????? ??????? ??? ??????? ?	???????	??????	???????	??????????	???????	"??????? ?? ????? ??????? ??? ??????? ????? ???? ????? ??? ???????? ???? ???? ????? ????? ?? ??? ????? ?????? ????????? ????? ?????? ?????? ???????? ??????? ??? ??????? ?? ??? ??????? ???????? ???? ??? ?????? 9.7 ????? ???? ??? ???????? ??? 2018 ?????? 10.6% ?? ?????? ????? ???? ???."
35632524	1	?? ?? ????? ??????? ??? ??????? ?	???????	??????	???????	??????????	???????	"??????? ?? ????? ??????? ??? ??????? ????? ???? ????? ??? ???????? ???? ???? ????? ????? ?? ??? ????? ?????? ????????? ????? ?????? ?????? ???????? ??????? ??? ??????? ?? ??? ??????? ???????? ???? ??? ?????? 9.7 ????? ???? ??? ???????? ??? 2018 ?????? 10.6% ?? ?????? ????? ???? ???."
35632525	1	?? ?? ????? ??????? ??? ??????? ?	???????	??????	???????	??????????	???????	"??????? ?? ????? ??????? ??? ??????? ????? ???? ????? ??? ???????? ???? ???? ????? ????? ?? ??? ????? ?????? ????????? ????? ?????? ?????? ???????? ??????? ??? ??????? ?? ??? ??????? ???????? ???? ??? ?????? 9.7 ????? ???? ??? ???????? ??? 2018 ?????? 10.6% ?? ?????? ????? ???? ???."
35632526	1	?? ?? ????? ??????? ??? ??????? ?	???????	??????	???????	??????????	???????	"??????? ?? ????? ??????? ??? ??????? ????? ???? ????? ??? ???????? ???? ???? ????? ????? ?? ??? ????? ?????? ????????? ????? ?????? ?????? ???????? ??????? ??? ??????? ?? ??? ??????? ???????? ???? ??? ?????? 9.7 ????? ???? ??? ???????? ??? 2018 ?????? 10.6% ?? ?????? ????? ???? ???."
35632527	1	?? ?? ????? ??????? ??? ??????? ?	???????	??????	???????	??????????	???????	"??????? ?? ????? ??????? ??? ??????? ????? ???? ????? ??? ???????? ???? ???? ????? ????? ?? ??? ????? ?????? ????????? ????? ?????? ?????? ???????? ??????? ??? ??????? ?? ??? ??????? ???????? ???? ??? ?????? 9.7 ????? ???? ??? ???????? ??? 2018 ?????? 10.6% ?? ?????? ????? ???? ???."
35632528	1	?? ?? ????? ??????? ??? ??????? ?	???????	??????	???????	??????????	???????	"??????? ?? ????? ??????? ??? ??????? ????? ???? ????? ??? ???????? ???? ???? ????? ????? ?? ??? ????? ?????? ????????? ????? ?????? ?????? ???????? ??????? ??? ??????? ?? ??? ??????? ???????? ???? ??? ?????? 9.7 ????? ???? ??? ???????? ??? 2018 ?????? 10.6% ?? ?????? ????? ???? ???."
35632529	1	?? ?? ????? ??????? ??? ??????? ?	???????	??????	???????	??????????	???????	"??????? ?? ????? ??????? ??? ??????? ????? ???? ????? ??? ???????? ???? ???? ????? ????? ?? ??? ????? ?????? ????????? ????? ?????? ?????? ???????? ??????? ??? ??????? ?? ??? ??????? ???????? ???? ??? ?????? 9.7 ????? ???? ??? ???????? ??? 2018 ?????? 10.6% ?? ?????? ????? ???? ???."
35632530	1	?? ?? ????? ??????? ??? ??????? ?	???????	??????	???????	??????????	???????	"??????? ?? ????? ??????? ??? ??????? ????? ???? ????? ??? ???????? ???? ???? ????? ????? ?? ??? ????? ?????? ????????? ????? ?????? ?????? ???????? ??????? ??? ??????? ?? ??? ??????? ???????? ???? ??? ?????? 9.7 ????? ???? ??? ???????? ??? 2018 ?????? 10.6% ?? ?????? ????? ???? ???."
35632531	1	?? ?? ????? ??????? ??? ??????? ?	???????	??????	???????	??????????	???????	"??????? ?? ????? ??????? ??? ??????? ????? ???? ????? ??? ???????? ???? ???? ????? ????? ?? ??? ????? ?????? ????????? ????? ?????? ?????? ???????? ??????? ??? ??????? ?? ??? ??????? ???????? ???? ??? ?????? 9.7 ????? ???? ??? ???????? ??? 2018 ?????? 10.6% ?? ?????? ????? ???? ???."
35632532	1	?? ?? ????? ??????? ??? ??????? ?	???????	??????	???????	??????????	???????	"??????? ?? ????? ??????? ??? ??????? ????? ???? ????? ??? ???????? ???? ???? ????? ????? ?? ??? ????? ?????? ????????? ????? ?????? ?????? ???????? ??????? ??? ??????? ?? ??? ??????? ???????? ???? ??? ?????? 9.7 ????? ???? ??? ???????? ??? 2018 ?????? 10.6% ?? ?????? ????? ???? ???."
35632533	1	?? ?? ????? ??????? ??? ??????? ?	???????	??????	???????	??????????	???????	"??????? ?? ????? ??????? ??? ??????? ????? ???? ????? ??? ???????? ???? ???? ????? ????? ?? ??? ????? ?????? ????????? ????? ?????? ?????? ???????? ??????? ??? ??????? ?? ??? ??????? ???????? ???? ??? ?????? 9.7 ????? ???? ??? ???????? ??? 2018 ?????? 10.6% ?? ?????? ????? ???? ???."
35632534	1	?? ?? ????? ??????? ??? ??????? ?	???????	??????	???????	??????????	???????	"??????? ?? ????? ??????? ??? ??????? ????? ???? ????? ??? ???????? ???? ???? ????? ????? ?? ??? ????? ?????? ????????? ????? ?????? ?????? ???????? ??????? ??? ??????? ?? ??? ??????? ???????? ???? ??? ?????? 9.7 ????? ???? ??? ???????? ??? 2018 ?????? 10.6% ?? ?????? ????? ???? ???."
35632535	1	?? ?? ????? ??????? ??? ??????? ?	???????	??????	???????	??????????	???????	"??????? ?? ????? ??????? ??? ??????? ????? ???? ????? ??? ???????? ???? ???? ????? ????? ?? ??? ????? ?????? ????????? ????? ?????? ?????? ???????? ??????? ??? ??????? ?? ??? ??????? ???????? ???? ??? ?????? 9.7 ????? ???? ??? ???????? ??? 2018 ?????? 10.6% ?? ?????? ????? ???? ???."
35632536	1	?? ?? ????? ??????? ??? ??????? ?	???????	??????	???????	??????????	???????	"??????? ?? ????? ??????? ??? ??????? ????? ???? ????? ??? ???????? ???? ???? ????? ????? ?? ??? ????? ?????? ????????? ????? ?????? ?????? ???????? ??????? ??? ??????? ?? ??? ??????? ???????? ???? ??? ?????? 9.7 ????? ???? ??? ???????? ??? 2018 ?????? 10.6% ?? ?????? ????? ???? ???."
35632537	1	?? ?? ????? ??????? ??? ??????? ?	???????	??????	???????	??????????	???????	"??????? ?? ????? ??????? ??? ??????? ????? ???? ????? ??? ???????? ???? ???? ????? ????? ?? ??? ????? ?????? ????????? ????? ?????? ?????? ???????? ??????? ??? ??????? ?? ??? ??????? ???????? ???? ??? ?????? 9.7 ????? ???? ??? ???????? ??? 2018 ?????? 10.6% ?? ?????? ????? ???? ???."
35632538	1	?? ?? ????? ??????? ??? ??????? ?	???????	??????	???????	??????????	???????	"??????? ?? ????? ??????? ??? ??????? ????? ???? ????? ??? ???????? ???? ???? ????? ????? ?? ??? ????? ?????? ????????? ????? ?????? ?????? ???????? ??????? ??? ??????? ?? ??? ??????? ???????? ???? ??? ?????? 9.7 ????? ???? ??? ???????? ??? 2018 ?????? 10.6% ?? ?????? ????? ???? ???."
35632539	1	?? ?? ????? ??????? ??? ??????? ?	???????	??????	???????	??????????	???????	"??????? ?? ????? ??????? ??? ??????? ????? ???? ????? ??? ???????? ???? ???? ????? ????? ?? ??? ????? ?????? ????????? ????? ?????? ?????? ???????? ??????? ??? ??????? ?? ??? ??????? ???????? ???? ??? ?????? 9.7 ????? ???? ??? ???????? ??? 2018 ?????? 10.6% ?? ?????? ????? ???? ???."
35632540	1	?? ?? ????? ??????? ??? ??????? ?	???????	??????	???????	??????????	???????	"??????? ?? ????? ??????? ??? ??????? ????? ???? ????? ??? ???????? ???? ???? ????? ????? ?? ??? ????? ?????? ????????? ????? ?????? ?????? ???????? ??????? ??? ??????? ?? ??? ??????? ???????? ???? ??? ?????? 9.7 ????? ???? ??? ???????? ??? 2018 ?????? 10.6% ?? ?????? ????? ???? ???."
35632541	1	?? ?? ????? ??????? ??? ??????? ?	???????	??????	???????	??????????	???????	"??????? ?? ????? ??????? ??? ??????? ????? ???? ????? ??? ???????? ???? ???? ????? ????? ?? ??? ????? ?????? ????????? ????? ?????? ?????? ???????? ??????? ??? ??????? ?? ??? ??????? ???????? ???? ??? ?????? 9.7 ????? ???? ??? ???????? ??? 2018 ?????? 10.6% ?? ?????? ????? ???? ???."
35632542	1	?? ?? ????? ??????? ??? ??????? ?	???????	??????	???????	??????????	???????	"??????? ?? ????? ??????? ??? ??????? ????? ???? ????? ??? ???????? ???? ???? ????? ????? ?? ??? ????? ?????? ????????? ????? ?????? ?????? ???????? ??????? ??? ??????? ?? ??? ??????? ???????? ???? ??? ?????? 9.7 ????? ???? ??? ???????? ??? 2018 ?????? 10.6% ?? ?????? ????? ???? ???."
35632543	1	?? ?? ????? ??????? ??? ??????? ?	???????	??????	???????	??????????	???????	"??????? ?? ????? ??????? ??? ??????? ????? ???? ????? ??? ???????? ???? ???? ????? ????? ?? ??? ????? ?????? ????????? ????? ?????? ?????? ???????? ??????? ??? ??????? ?? ??? ??????? ???????? ???? ??? ?????? 9.7 ????? ???? ??? ???????? ??? 2018 ?????? 10.6% ?? ?????? ????? ???? ???."
35632544	1	?? ?? ????? ??????? ??? ??????? ?	???????	??????	???????	??????????	???????	"??????? ?? ????? ??????? ??? ??????? ????? ???? ????? ??? ???????? ???? ???? ????? ????? ?? ??? ????? ?????? ????????? ????? ?????? ?????? ???????? ??????? ??? ??????? ?? ??? ??????? ???????? ???? ??? ?????? 9.7 ????? ???? ??? ???????? ??? 2018 ?????? 10.6% ?? ?????? ????? ???? ???."
35632545	1	?? ?? ????? ??????? ??? ??????? ?	???????	??????	???????	??????????	???????	"??????? ?? ????? ??????? ??? ??????? ????? ???? ????? ??? ???????? ???? ???? ????? ????? ?? ??? ????? ?????? ????????? ????? ?????? ?????? ???????? ??????? ??? ??????? ?? ??? ??????? ???????? ???? ??? ?????? 9.7 ????? ???? ??? ???????? ??? 2018 ?????? 10.6% ?? ?????? ????? ???? ???."
35632546	1	?? ?? ????? ??????? ??? ??????? ?	???????	??????	???????	??????????	???????	"??????? ?? ????? ??????? ??? ??????? ????? ???? ????? ??? ???????? ???? ???? ????? ????? ?? ??? ????? ?????? ????????? ????? ?????? ?????? ???????? ??????? ??? ??????? ?? ??? ??????? ???????? ???? ??? ?????? 9.7 ????? ???? ??? ???????? ??? 2018 ?????? 10.6% ?? ?????? ????? ???? ???."
35632547	1	?? ?? ????? ??????? ??? ??????? ?	???????	??????	???????	??????????	???????	"??????? ?? ????? ??????? ??? ??????? ????? ???? ????? ??? ???????? ???? ???? ????? ????? ?? ??? ????? ?????? ????????? ????? ?????? ?????? ???????? ??????? ??? ??????? ?? ??? ??????? ???????? ???? ??? ?????? 9.7 ????? ???? ??? ???????? ??? 2018 ?????? 10.6% ?? ?????? ????? ???? ???."
35632548	1	?? ?? ????? ??????? ??? ??????? ?	???????	??????	???????	??????????	???????	"??????? ?? ????? ??????? ??? ??????? ????? ???? ????? ??? ???????? ???? ???? ????? ????? ?? ??? ????? ?????? ????????? ????? ?????? ?????? ???????? ??????? ??? ??????? ?? ??? ??????? ???????? ???? ??? ?????? 9.7 ????? ???? ??? ???????? ??? 2018 ?????? 10.6% ?? ?????? ????? ???? ???."
35632549	1	?? ?? ????? ??????? ??? ??????? ?	???????	??????	???????	??????????	???????	"??????? ?? ????? ??????? ??? ??????? ????? ???? ????? ??? ???????? ???? ???? ????? ????? ?? ??? ????? ?????? ????????? ????? ?????? ?????? ???????? ??????? ??? ??????? ?? ??? ??????? ???????? ???? ??? ?????? 9.7 ????? ???? ??? ???????? ??? 2018 ?????? 10.6% ?? ?????? ????? ???? ???."
35632550	1	?? ?? ????? ??????? ??? ??????? ?	???????	??????	???????	??????????	???????	"??????? ?? ????? ??????? ??? ??????? ????? ???? ????? ??? ???????? ???? ???? ????? ????? ?? ??? ????? ?????? ????????? ????? ?????? ?????? ???????? ??????? ??? ??????? ?? ??? ??????? ???????? ???? ??? ?????? 9.7 ????? ???? ??? ???????? ??? 2018 ?????? 10.6% ?? ?????? ????? ???? ???."
35632551	1	?? ?? ????? ??????? ??? ??????? ?	???????	??????	???????	??????????	???????	"??????? ?? ????? ??????? ??? ??????? ????? ???? ????? ??? ???????? ???? ???? ????? ????? ?? ??? ????? ?????? ????????? ????? ?????? ?????? ???????? ??????? ??? ??????? ?? ??? ??????? ???????? ???? ??? ?????? 9.7 ????? ???? ??? ???????? ??? 2018 ?????? 10.6% ?? ?????? ????? ???? ???."
35632552	1	?? ?? ????? ??????? ??? ??????? ?	???????	??????	???????	??????????	???????	"??????? ?? ????? ??????? ??? ??????? ????? ???? ????? ??? ???????? ???? ???? ????? ????? ?? ??? ????? ?????? ????????? ????? ?????? ?????? ???????? ??????? ??? ??????? ?? ??? ??????? ???????? ???? ??? ?????? 9.7 ????? ???? ??? ???????? ??? 2018 ?????? 10.6% ?? ?????? ????? ???? ???."
35632553	1	?? ?? ????? ??????? ??? ??????? ?	???????	??????	???????	??????????	???????	"??????? ?? ????? ??????? ??? ??????? ????? ???? ????? ??? ???????? ???? ???? ????? ????? ?? ??? ????? ?????? ????????? ????? ?????? ?????? ???????? ??????? ??? ??????? ?? ??? ??????? ???????? ???? ??? ?????? 9.7 ????? ???? ??? ???????? ??? 2018 ?????? 10.6% ?? ?????? ????? ???? ???."
35632554	1	?? ?? ????? ??????? ??? ??????? ?	???????	??????	???????	??????????	???????	"??????? ?? ????? ??????? ??? ??????? ????? ???? ????? ??? ???????? ???? ???? ????? ????? ?? ??? ????? ?????? ????????? ????? ?????? ?????? ???????? ??????? ??? ??????? ?? ??? ??????? ???????? ???? ??? ?????? 9.7 ????? ???? ??? ???????? ??? 2018 ?????? 10.6% ?? ?????? ????? ???? ???."
35632555	1	?? ?? ????? ??????? ??? ??????? ?	???????	??????	???????	??????????	???????	"??????? ?? ????? ??????? ??? ??????? ????? ???? ????? ??? ???????? ???? ???? ????? ????? ?? ??? ????? ?????? ????????? ????? ?????? ?????? ???????? ??????? ??? ??????? ?? ??? ??????? ???????? ???? ??? ?????? 9.7 ????? ???? ??? ???????? ??? 2018 ?????? 10.6% ?? ?????? ????? ???? ???."
35632556	1	?? ?? ????? ??????? ??? ??????? ?	???????	??????	???????	??????????	???????	"??????? ?? ????? ??????? ??? ??????? ????? ???? ????? ??? ???????? ???? ???? ????? ????? ?? ??? ????? ?????? ????????? ????? ?????? ?????? ???????? ??????? ??? ??????? ?? ??? ??????? ???????? ???? ??? ?????? 9.7 ????? ???? ??? ???????? ??? 2018 ?????? 10.6% ?? ?????? ????? ???? ???."
35632557	1	?? ?? ????? ??????? ??? ??????? ?	???????	??????	???????	??????????	???????	"??????? ?? ????? ??????? ??? ??????? ????? ???? ????? ??? ???????? ???? ???? ????? ????? ?? ??? ????? ?????? ????????? ????? ?????? ?????? ???????? ??????? ??? ??????? ?? ??? ??????? ???????? ???? ??? ?????? 9.7 ????? ???? ??? ???????? ??? 2018 ?????? 10.6% ?? ?????? ????? ???? ???."
35632558	1	?? ?? ????? ??????? ??? ??????? ?	???????	??????	???????	??????????	???????	"??????? ?? ????? ??????? ??? ??????? ????? ???? ????? ??? ???????? ???? ???? ????? ????? ?? ??? ????? ?????? ????????? ????? ?????? ?????? ???????? ??????? ??? ??????? ?? ??? ??????? ???????? ???? ??? ?????? 9.7 ????? ???? ??? ???????? ??? 2018 ?????? 10.6% ?? ?????? ????? ???? ???."
35632559	1	?? ?? ????? ??????? ??? ??????? ?	???????	??????	???????	??????????	???????	"??????? ?? ????? ??????? ??? ??????? ????? ???? ????? ??? ???????? ???? ???? ????? ????? ?? ??? ????? ?????? ????????? ????? ?????? ?????? ???????? ??????? ??? ??????? ?? ??? ??????? ???????? ???? ??? ?????? 9.7 ????? ???? ??? ???????? ??? 2018 ?????? 10.6% ?? ?????? ????? ???? ???."
35632560	1	?? ?? ????? ??????? ??? ??????? ?	???????	??????	???????	??????????	???????	"??????? ?? ????? ??????? ??? ??????? ????? ???? ????? ??? ???????? ???? ???? ????? ????? ?? ??? ????? ?????? ????????? ????? ?????? ?????? ???????? ??????? ??? ??????? ?? ??? ??????? ???????? ???? ??? ?????? 9.7 ????? ???? ??? ???????? ??? 2018 ?????? 10.6% ?? ?????? ????? ???? ???."
35632561	1	?? ?? ????? ??????? ??? ??????? ?	???????	??????	???????	??????????	???????	"??????? ?? ????? ??????? ??? ??????? ????? ???? ????? ??? ???????? ???? ???? ????? ????? ?? ??? ????? ?????? ????????? ????? ?????? ?????? ???????? ??????? ??? ??????? ?? ??? ??????? ???????? ???? ??? ?????? 9.7 ????? ???? ??? ???????? ??? 2018 ?????? 10.6% ?? ?????? ????? ???? ???."
35632562	1	?? ?? ????? ??????? ??? ??????? ?	???????	??????	???????	??????????	???????	"??????? ?? ????? ??????? ??? ??????? ????? ???? ????? ??? ???????? ???? ???? ????? ????? ?? ??? ????? ?????? ????????? ????? ?????? ?????? ???????? ??????? ??? ??????? ?? ??? ??????? ???????? ???? ??? ?????? 9.7 ????? ???? ??? ???????? ??? 2018 ?????? 10.6% ?? ?????? ????? ???? ???."
35632563	1	?? ?? ????? ??????? ??? ??????? ?	???????	??????	???????	??????????	???????	"??????? ?? ????? ??????? ??? ??????? ????? ???? ????? ??? ???????? ???? ???? ????? ????? ?? ??? ????? ?????? ????????? ????? ?????? ?????? ???????? ??????? ??? ??????? ?? ??? ??????? ???????? ???? ??? ?????? 9.7 ????? ???? ??? ???????? ??? 2018 ?????? 10.6% ?? ?????? ????? ???? ???."
35632564	1	?? ?? ????? ??????? ??? ??????? ?	???????	??????	???????	??????????	???????	"??????? ?? ????? ??????? ??? ??????? ????? ???? ????? ??? ???????? ???? ???? ????? ????? ?? ??? ????? ?????? ????????? ????? ?????? ?????? ???????? ??????? ??? ??????? ?? ??? ??????? ???????? ???? ??? ?????? 9.7 ????? ???? ??? ???????? ??? 2018 ?????? 10.6% ?? ?????? ????? ???? ???."
35632565	1	?? ?? ????? ??????? ??? ??????? ?	???????	??????	???????	??????????	???????	"??????? ?? ????? ??????? ??? ??????? ????? ???? ????? ??? ???????? ???? ???? ????? ????? ?? ??? ????? ?????? ????????? ????? ?????? ?????? ???????? ??????? ??? ??????? ?? ??? ??????? ???????? ???? ??? ?????? 9.7 ????? ???? ??? ???????? ??? 2018 ?????? 10.6% ?? ?????? ????? ???? ???."
35632566	1	?? ?? ????? ??????? ??? ??????? ?	???????	??????	???????	??????????	???????	"??????? ?? ????? ??????? ??? ??????? ????? ???? ????? ??? ???????? ???? ???? ????? ????? ?? ??? ????? ?????? ????????? ????? ?????? ?????? ???????? ??????? ??? ??????? ?? ??? ??????? ???????? ???? ??? ?????? 9.7 ????? ???? ??? ???????? ??? 2018 ?????? 10.6% ?? ?????? ????? ???? ???."
35632567	1	?? ?? ????? ??????? ??? ??????? ?	???????	??????	???????	??????????	???????	"??????? ?? ????? ??????? ??? ??????? ????? ???? ????? ??? ???????? ???? ???? ????? ????? ?? ??? ????? ?????? ????????? ????? ?????? ?????? ???????? ??????? ??? ??????? ?? ??? ??????? ???????? ???? ??? ?????? 9.7 ????? ???? ??? ???????? ??? 2018 ?????? 10.6% ?? ?????? ????? ???? ???."
35632568	1	?? ?? ????? ??????? ??? ??????? ?	???????	??????	???????	??????????	???????	"??????? ?? ????? ??????? ??? ??????? ????? ???? ????? ??? ???????? ???? ???? ????? ????? ?? ??? ????? ?????? ????????? ????? ?????? ?????? ???????? ??????? ??? ??????? ?? ??? ??????? ???????? ???? ??? ?????? 9.7 ????? ???? ??? ???????? ??? 2018 ?????? 10.6% ?? ?????? ????? ???? ???."
35632569	1	?? ?? ????? ??????? ??? ??????? ?	???????	??????	???????	??????????	???????	"??????? ?? ????? ??????? ??? ??????? ????? ???? ????? ??? ???????? ???? ???? ????? ????? ?? ??? ????? ?????? ????????? ????? ?????? ?????? ???????? ??????? ??? ??????? ?? ??? ??????? ???????? ???? ??? ?????? 9.7 ????? ???? ??? ???????? ??? 2018 ?????? 10.6% ?? ?????? ????? ???? ???."
35632570	1	?? ?? ????? ??????? ??? ??????? ?	???????	??????	???????	??????????	???????	"??????? ?? ????? ??????? ??? ??????? ????? ???? ????? ??? ???????? ???? ???? ????? ????? ?? ??? ????? ?????? ????????? ????? ?????? ?????? ???????? ??????? ??? ??????? ?? ??? ??????? ???????? ???? ??? ?????? 9.7 ????? ???? ??? ???????? ??? 2018 ?????? 10.6% ?? ?????? ????? ???? ???."
35632571	1	?? ?? ????? ??????? ??? ??????? ?	???????	??????	???????	??????????	???????	"??????? ?? ????? ??????? ??? ??????? ????? ???? ????? ??? ???????? ???? ???? ????? ????? ?? ??? ????? ?????? ????????? ????? ?????? ?????? ???????? ??????? ??? ??????? ?? ??? ??????? ???????? ???? ??? ?????? 9.7 ????? ???? ??? ???????? ??? 2018 ?????? 10.6% ?? ?????? ????? ???? ???."
35632572	1	?? ?? ????? ??????? ??? ??????? ?	???????	??????	???????	??????????	???????	"??????? ?? ????? ??????? ??? ??????? ????? ???? ????? ??? ???????? ???? ???? ????? ????? ?? ??? ????? ?????? ????????? ????? ?????? ?????? ???????? ??????? ??? ??????? ?? ??? ??????? ???????? ???? ??? ?????? 9.7 ????? ???? ??? ???????? ??? 2018 ?????? 10.6% ?? ?????? ????? ???? ???."
35632573	1	?? ?? ????? ??????? ??? ??????? ?	???????	??????	???????	??????????	???????	"??????? ?? ????? ??????? ??? ??????? ????? ???? ????? ??? ???????? ???? ???? ????? ????? ?? ??? ????? ?????? ????????? ????? ?????? ?????? ???????? ??????? ??? ??????? ?? ??? ??????? ???????? ???? ??? ?????? 9.7 ????? ???? ??? ???????? ??? 2018 ?????? 10.6% ?? ?????? ????? ???? ???."
35632574	1	?? ?? ????? ??????? ??? ??????? ?	???????	??????	???????	??????????	???????	"??????? ?? ????? ??????? ??? ??????? ????? ???? ????? ??? ???????? ???? ???? ????? ????? ?? ??? ????? ?????? ????????? ????? ?????? ?????? ???????? ??????? ??? ??????? ?? ??? ??????? ???????? ???? ??? ?????? 9.7 ????? ???? ??? ???????? ??? 2018 ?????? 10.6% ?? ?????? ????? ???? ???."
35632575	1	?? ?? ????? ??????? ??? ??????? ?	???????	??????	???????	??????????	???????	"??????? ?? ????? ??????? ??? ??????? ????? ???? ????? ??? ???????? ???? ???? ????? ????? ?? ??? ????? ?????? ????????? ????? ?????? ?????? ???????? ??????? ??? ??????? ?? ??? ??????? ???????? ???? ??? ?????? 9.7 ????? ???? ??? ???????? ??? 2018 ?????? 10.6% ?? ?????? ????? ???? ???."
35632576	1	?? ?? ????? ??????? ??? ??????? ?	???????	??????	???????	??????????	???????	"??????? ?? ????? ??????? ??? ??????? ????? ???? ????? ??? ???????? ???? ???? ????? ????? ?? ??? ????? ?????? ????????? ????? ?????? ?????? ???????? ??????? ??? ??????? ?? ??? ??????? ???????? ???? ??? ?????? 9.7 ????? ???? ??? ???????? ??? 2018 ?????? 10.6% ?? ?????? ????? ???? ???."
35632577	1	?? ?? ????? ??????? ??? ??????? ?	???????	??????	???????	??????????	???????	"??????? ?? ????? ??????? ??? ??????? ????? ???? ????? ??? ???????? ???? ???? ????? ????? ?? ??? ????? ?????? ????????? ????? ?????? ?????? ???????? ??????? ??? ??????? ?? ??? ??????? ???????? ???? ??? ?????? 9.7 ????? ???? ??? ???????? ??? 2018 ?????? 10.6% ?? ?????? ????? ???? ???."
35632578	1	?? ?? ????? ??????? ??? ??????? ?	???????	??????	???????	??????????	???????	"??????? ?? ????? ??????? ??? ??????? ????? ???? ????? ??? ???????? ???? ???? ????? ????? ?? ??? ????? ?????? ????????? ????? ?????? ?????? ???????? ??????? ??? ??????? ?? ??? ??????? ???????? ???? ??? ?????? 9.7 ????? ???? ??? ???????? ??? 2018 ?????? 10.6% ?? ?????? ????? ???? ???."
35632579	1	?? ?? ????? ??????? ??? ??????? ?	???????	??????	???????	??????????	???????	"??????? ?? ????? ??????? ??? ??????? ????? ???? ????? ??? ???????? ???? ???? ????? ????? ?? ??? ????? ?????? ????????? ????? ?????? ?????? ???????? ??????? ??? ??????? ?? ??? ??????? ???????? ???? ??? ?????? 9.7 ????? ???? ??? ???????? ??? 2018 ?????? 10.6% ?? ?????? ????? ???? ???."
35632580	1	?? ?? ????? ??????? ??? ??????? ?	???????	??????	???????	??????????	???????	"??????? ?? ????? ??????? ??? ??????? ????? ???? ????? ??? ???????? ???? ???? ????? ????? ?? ??? ????? ?????? ????????? ????? ?????? ?????? ???????? ??????? ??? ??????? ?? ??? ??????? ???????? ???? ??? ?????? 9.7 ????? ???? ??? ???????? ??? 2018 ?????? 10.6% ?? ?????? ????? ???? ???."
35632581	1	?? ?? ????? ??????? ??? ??????? ?	???????	??????	???????	??????????	???????	"??????? ?? ????? ??????? ??? ??????? ????? ???? ????? ??? ???????? ???? ???? ????? ????? ?? ??? ????? ?????? ????????? ????? ?????? ?????? ???????? ??????? ??? ??????? ?? ??? ??????? ???????? ???? ??? ?????? 9.7 ????? ???? ??? ???????? ??? 2018 ?????? 10.6% ?? ?????? ????? ???? ???."
35632582	1	?? ?? ????? ??????? ??? ??????? ?	???????	??????	???????	??????????	???????	"??????? ?? ????? ??????? ??? ??????? ????? ???? ????? ??? ???????? ???? ???? ????? ????? ?? ??? ????? ?????? ????????? ????? ?????? ?????? ???????? ??????? ??? ??????? ?? ??? ??????? ???????? ???? ??? ?????? 9.7 ????? ???? ??? ???????? ??? 2018 ?????? 10.6% ?? ?????? ????? ???? ???."
35632583	1	?? ?? ????? ??????? ??? ??????? ?	???????	??????	???????	??????????	???????	"??????? ?? ????? ??????? ??? ??????? ????? ???? ????? ??? ???????? ???? ???? ????? ????? ?? ??? ????? ?????? ????????? ????? ?????? ?????? ???????? ??????? ??? ??????? ?? ??? ??????? ???????? ???? ??? ?????? 9.7 ????? ???? ??? ???????? ??? 2018 ?????? 10.6% ?? ?????? ????? ???? ???."
35632584	1	?? ?? ????? ??????? ??? ??????? ?	???????	??????	???????	??????????	???????	"??????? ?? ????? ??????? ??? ??????? ????? ???? ????? ??? ???????? ???? ???? ????? ????? ?? ??? ????? ?????? ????????? ????? ?????? ?????? ???????? ??????? ??? ??????? ?? ??? ??????? ???????? ???? ??? ?????? 9.7 ????? ???? ??? ???????? ??? 2018 ?????? 10.6% ?? ?????? ????? ???? ???."
35632585	1	?? ?? ????? ??????? ??? ??????? ?	???????	??????	???????	??????????	???????	"??????? ?? ????? ??????? ??? ??????? ????? ???? ????? ??? ???????? ???? ???? ????? ????? ?? ??? ????? ?????? ????????? ????? ?????? ?????? ???????? ??????? ??? ??????? ?? ??? ??????? ???????? ???? ??? ?????? 9.7 ????? ???? ??? ???????? ??? 2018 ?????? 10.6% ?? ?????? ????? ???? ???."
35632586	1	?? ?? ????? ??????? ??? ??????? ?	???????	??????	???????	??????????	???????	"??????? ?? ????? ??????? ??? ??????? ????? ???? ????? ??? ???????? ???? ???? ????? ????? ?? ??? ????? ?????? ????????? ????? ?????? ?????? ???????? ??????? ??? ??????? ?? ??? ??????? ???????? ???? ??? ?????? 9.7 ????? ???? ??? ???????? ??? 2018 ?????? 10.6% ?? ?????? ????? ???? ???."
35632587	1	?? ?? ????? ??????? ??? ??????? ?	???????	??????	???????	??????????	???????	"??????? ?? ????? ??????? ??? ??????? ????? ???? ????? ??? ???????? ???? ???? ????? ????? ?? ??? ????? ?????? ????????? ????? ?????? ?????? ???????? ??????? ??? ??????? ?? ??? ??????? ???????? ???? ??? ?????? 9.7 ????? ???? ??? ???????? ??? 2018 ?????? 10.6% ?? ?????? ????? ???? ???."
35632588	1	?? ?? ????? ??????? ??? ??????? ?	???????	??????	???????	??????????	???????	"??????? ?? ????? ??????? ??? ??????? ????? ???? ????? ??? ???????? ???? ???? ????? ????? ?? ??? ????? ?????? ????????? ????? ?????? ?????? ???????? ??????? ??? ??????? ?? ??? ??????? ???????? ???? ??? ?????? 9.7 ????? ???? ??? ???????? ??? 2018 ?????? 10.6% ?? ?????? ????? ???? ???."
35632589	1	?? ?? ????? ??????? ??? ??????? ?	???????	??????	???????	??????????	???????	"??????? ?? ????? ??????? ??? ??????? ????? ???? ????? ??? ???????? ???? ???? ????? ????? ?? ??? ????? ?????? ????????? ????? ?????? ?????? ???????? ??????? ??? ??????? ?? ??? ??????? ???????? ???? ??? ?????? 9.7 ????? ???? ??? ???????? ??? 2018 ?????? 10.6% ?? ?????? ????? ???? ???."
35632590	1	?? ?? ????? ??????? ??? ??????? ?	???????	??????	???????	??????????	???????	"??????? ?? ????? ??????? ??? ??????? ????? ???? ????? ??? ???????? ???? ???? ????? ????? ?? ??? ????? ?????? ????????? ????? ?????? ?????? ???????? ??????? ??? ??????? ?? ??? ??????? ???????? ???? ??? ?????? 9.7 ????? ???? ??? ???????? ??? 2018 ?????? 10.6% ?? ?????? ????? ???? ???."
35632591	1	?? ?? ????? ??????? ??? ??????? ?	???????	??????	???????	??????????	???????	"??????? ?? ????? ??????? ??? ??????? ????? ???? ????? ??? ???????? ???? ???? ????? ????? ?? ??? ????? ?????? ????????? ????? ?????? ?????? ???????? ??????? ??? ??????? ?? ??? ??????? ???????? ???? ??? ?????? 9.7 ????? ???? ??? ???????? ??? 2018 ?????? 10.6% ?? ?????? ????? ???? ???."
35632592	1	?? ?? ????? ??????? ??? ??????? ?	???????	??????	???????	??????????	???????	"??????? ?? ????? ??????? ??? ??????? ????? ???? ????? ??? ???????? ???? ???? ????? ????? ?? ??? ????? ?????? ????????? ????? ?????? ?????? ???????? ??????? ??? ??????? ?? ??? ??????? ???????? ???? ??? ?????? 9.7 ????? ???? ??? ???????? ??? 2018 ?????? 10.6% ?? ?????? ????? ???? ???."
35632593	1	?? ?? ????? ??????? ??? ??????? ?	???????	??????	???????	??????????	???????	"??????? ?? ????? ??????? ??? ??????? ????? ???? ????? ??? ???????? ???? ???? ????? ????? ?? ??? ????? ?????? ????????? ????? ?????? ?????? ???????? ??????? ??? ??????? ?? ??? ??????? ???????? ???? ??? ?????? 9.7 ????? ???? ??? ???????? ??? 2018 ?????? 10.6% ?? ?????? ????? ???? ???."
35632594	1	?? ?? ????? ??????? ??? ??????? ?	???????	??????	???????	??????????	???????	"??????? ?? ????? ??????? ??? ??????? ????? ???? ????? ??? ???????? ???? ???? ????? ????? ?? ??? ????? ?????? ????????? ????? ?????? ?????? ???????? ??????? ??? ??????? ?? ??? ??????? ???????? ???? ??? ?????? 9.7 ????? ???? ??? ???????? ??? 2018 ?????? 10.6% ?? ?????? ????? ???? ???."
35632595	1	?? ?? ????? ??????? ??? ??????? ?	???????	??????	???????	??????????	???????	"??????? ?? ????? ??????? ??? ??????? ????? ???? ????? ??? ???????? ???? ???? ????? ????? ?? ??? ????? ?????? ????????? ????? ?????? ?????? ???????? ??????? ??? ??????? ?? ??? ??????? ???????? ???? ??? ?????? 9.7 ????? ???? ??? ???????? ??? 2018 ?????? 10.6% ?? ?????? ????? ???? ???."
35632596	1	?? ?? ????? ??????? ??? ??????? ?	???????	??????	???????	??????????	???????	"??????? ?? ????? ??????? ??? ??????? ????? ???? ????? ??? ???????? ???? ???? ????? ????? ?? ??? ????? ?????? ????????? ????? ?????? ?????? ???????? ??????? ??? ??????? ?? ??? ??????? ???????? ???? ??? ?????? 9.7 ????? ???? ??? ???????? ??? 2018 ?????? 10.6% ?? ?????? ????? ???? ???."
35632597	1	?? ?? ????? ??????? ??? ??????? ?	???????	??????	???????	??????????	???????	"??????? ?? ????? ??????? ??? ??????? ????? ???? ????? ??? ???????? ???? ???? ????? ????? ?? ??? ????? ?????? ????????? ????? ?????? ?????? ???????? ??????? ??? ??????? ?? ??? ??????? ???????? ???? ??? ?????? 9.7 ????? ???? ??? ???????? ??? 2018 ?????? 10.6% ?? ?????? ????? ???? ???."
35632598	1	?? ?? ????? ??????? ??? ??????? ?	???????	??????	???????	??????????	???????	"??????? ?? ????? ??????? ??? ??????? ????? ???? ????? ??? ???????? ???? ???? ????? ????? ?? ??? ????? ?????? ????????? ????? ?????? ?????? ???????? ??????? ??? ??????? ?? ??? ??????? ???????? ???? ??? ?????? 9.7 ????? ???? ??? ???????? ??? 2018 ?????? 10.6% ?? ?????? ????? ???? ???."
35632599	1	?? ?? ????? ??????? ??? ??????? ?	???????	??????	???????	??????????	???????	"??????? ?? ????? ??????? ??? ??????? ????? ???? ????? ??? ???????? ???? ???? ????? ????? ?? ??? ????? ?????? ????????? ????? ?????? ?????? ???????? ??????? ??? ??????? ?? ??? ??????? ???????? ???? ??? ?????? 9.7 ????? ???? ??? ???????? ??? 2018 ?????? 10.6% ?? ?????? ????? ???? ???."
35632600	1	?? ?? ????? ??????? ??? ??????? ?	???????	??????	???????	??????????	???????	"??????? ?? ????? ??????? ??? ??????? ????? ???? ????? ??? ???????? ???? ???? ????? ????? ?? ??? ????? ?????? ????????? ????? ?????? ?????? ???????? ??????? ??? ??????? ?? ??? ??????? ???????? ???? ??? ?????? 9.7 ????? ???? ??? ???????? ??? 2018 ?????? 10.6% ?? ?????? ????? ???? ???."
35632601	1	?? ?? ????? ??????? ??? ??????? ?	???????	??????	???????	??????????	???????	"??????? ?? ????? ??????? ??? ??????? ????? ???? ????? ??? ???????? ???? ???? ????? ????? ?? ??? ????? ?????? ????????? ????? ?????? ?????? ???????? ??????? ??? ??????? ?? ??? ??????? ???????? ???? ??? ?????? 9.7 ????? ???? ??? ???????? ??? 2018 ?????? 10.6% ?? ?????? ????? ???? ???."
35632602	1	?? ?? ????? ??????? ??? ??????? ?	???????	??????	???????	??????????	???????	"??????? ?? ????? ??????? ??? ??????? ????? ???? ????? ??? ???????? ???? ???? ????? ????? ?? ??? ????? ?????? ????????? ????? ?????? ?????? ???????? ??????? ??? ??????? ?? ??? ??????? ???????? ???? ??? ?????? 9.7 ????? ???? ??? ???????? ??? 2018 ?????? 10.6% ?? ?????? ????? ???? ???."
35632603	1	?? ?? ????? ??????? ??? ??????? ?	???????	??????	???????	??????????	???????	"??????? ?? ????? ??????? ??? ??????? ????? ???? ????? ??? ???????? ???? ???? ????? ????? ?? ??? ????? ?????? ????????? ????? ?????? ?????? ???????? ??????? ??? ??????? ?? ??? ??????? ???????? ???? ??? ?????? 9.7 ????? ???? ??? ???????? ??? 2018 ?????? 10.6% ?? ?????? ????? ???? ???."
35632604	1	?? ?? ????? ??????? ??? ??????? ?	???????	??????	???????	??????????	???????	"??????? ?? ????? ??????? ??? ??????? ????? ???? ????? ??? ???????? ???? ???? ????? ????? ?? ??? ????? ?????? ????????? ????? ?????? ?????? ???????? ??????? ??? ??????? ?? ??? ??????? ???????? ???? ??? ?????? 9.7 ????? ???? ??? ???????? ??? 2018 ?????? 10.6% ?? ?????? ????? ???? ???."
35632605	1	?? ?? ????? ??????? ??? ??????? ?	???????	??????	???????	??????????	???????	"??????? ?? ????? ??????? ??? ??????? ????? ???? ????? ??? ???????? ???? ???? ????? ????? ?? ??? ????? ?????? ????????? ????? ?????? ?????? ???????? ??????? ??? ??????? ?? ??? ??????? ???????? ???? ??? ?????? 9.7 ????? ???? ??? ???????? ??? 2018 ?????? 10.6% ?? ?????? ????? ???? ???."
35632606	1	?? ?? ????? ??????? ??? ??????? ?	???????	??????	???????	??????????	???????	"??????? ?? ????? ??????? ??? ??????? ????? ???? ????? ??? ???????? ???? ???? ????? ????? ?? ??? ????? ?????? ????????? ????? ?????? ?????? ???????? ??????? ??? ??????? ?? ??? ??????? ???????? ???? ??? ?????? 9.7 ????? ???? ??? ???????? ??? 2018 ?????? 10.6% ?? ?????? ????? ???? ???."
35632607	1	?? ?? ????? ??????? ??? ??????? ?	???????	??????	???????	??????????	???????	"??????? ?? ????? ??????? ??? ??????? ????? ???? ????? ??? ???????? ???? ???? ????? ????? ?? ??? ????? ?????? ????????? ????? ?????? ?????? ???????? ??????? ??? ??????? ?? ??? ??????? ???????? ???? ??? ?????? 9.7 ????? ???? ??? ???????? ??? 2018 ?????? 10.6% ?? ?????? ????? ???? ???."
35632608	1	?? ?? ????? ??????? ??? ??????? ?	???????	??????	???????	??????????	???????	"??????? ?? ????? ??????? ??? ??????? ????? ???? ????? ??? ???????? ???? ???? ????? ????? ?? ??? ????? ?????? ????????? ????? ?????? ?????? ???????? ??????? ??? ??????? ?? ??? ??????? ???????? ???? ??? ?????? 9.7 ????? ???? ??? ???????? ??? 2018 ?????? 10.6% ?? ?????? ????? ???? ???."
35632609	1	?? ?? ????? ??????? ??? ??????? ?	???????	??????	???????	??????????	???????	"??????? ?? ????? ??????? ??? ??????? ????? ???? ????? ??? ???????? ???? ???? ????? ????? ?? ??? ????? ?????? ????????? ????? ?????? ?????? ???????? ??????? ??? ??????? ?? ??? ??????? ???????? ???? ??? ?????? 9.7 ????? ???? ??? ???????? ??? 2018 ?????? 10.6% ?? ?????? ????? ???? ???."
35632610	1	?? ?? ????? ??????? ??? ??????? ?	???????	??????	???????	??????????	???????	"??????? ?? ????? ??????? ??? ??????? ????? ???? ????? ??? ???????? ???? ???? ????? ????? ?? ??? ????? ?????? ????????? ????? ?????? ?????? ???????? ??????? ??? ??????? ?? ??? ??????? ???????? ???? ??? ?????? 9.7 ????? ???? ??? ???????? ??? 2018 ?????? 10.6% ?? ?????? ????? ???? ???."
35632611	1	?? ?? ????? ??????? ??? ??????? ?	???????	??????	???????	??????????	???????	"??????? ?? ????? ??????? ??? ??????? ????? ???? ????? ??? ???????? ???? ???? ????? ????? ?? ??? ????? ?????? ????????? ????? ?????? ?????? ???????? ??????? ??? ??????? ?? ??? ??????? ???????? ???? ??? ?????? 9.7 ????? ???? ??? ???????? ??? 2018 ?????? 10.6% ?? ?????? ????? ???? ???."
35632612	1	?? ?? ????? ??????? ??? ??????? ?	???????	??????	???????	??????????	???????	"??????? ?? ????? ??????? ??? ??????? ????? ???? ????? ??? ???????? ???? ???? ????? ????? ?? ??? ????? ?????? ????????? ????? ?????? ?????? ???????? ??????? ??? ??????? ?? ??? ??????? ???????? ???? ??? ?????? 9.7 ????? ???? ??? ???????? ??? 2018 ?????? 10.6% ?? ?????? ????? ???? ???."
35632613	1	?? ?? ????? ??????? ??? ??????? ?	???????	??????	???????	??????????	???????	"??????? ?? ????? ??????? ??? ??????? ????? ???? ????? ??? ???????? ???? ???? ????? ????? ?? ??? ????? ?????? ????????? ????? ?????? ?????? ???????? ??????? ??? ??????? ?? ??? ??????? ???????? ???? ??? ?????? 9.7 ????? ???? ??? ???????? ??? 2018 ?????? 10.6% ?? ?????? ????? ???? ???."
35632614	1	?? ?? ????? ??????? ??? ??????? ?	???????	??????	???????	??????????	???????	"??????? ?? ????? ??????? ??? ??????? ????? ???? ????? ??? ???????? ???? ???? ????? ????? ?? ??? ????? ?????? ????????? ????? ?????? ?????? ???????? ??????? ??? ??????? ?? ??? ??????? ???????? ???? ??? ?????? 9.7 ????? ???? ??? ???????? ??? 2018 ?????? 10.6% ?? ?????? ????? ???? ???."
35632615	1	?? ?? ????? ??????? ??? ??????? ?	???????	??????	???????	??????????	???????	"??????? ?? ????? ??????? ??? ??????? ????? ???? ????? ??? ???????? ???? ???? ????? ????? ?? ??? ????? ?????? ????????? ????? ?????? ?????? ???????? ??????? ??? ??????? ?? ??? ??????? ???????? ???? ??? ?????? 9.7 ????? ???? ??? ???????? ??? 2018 ?????? 10.6% ?? ?????? ????? ???? ???."
35632616	1	?? ?? ????? ??????? ??? ??????? ?	???????	??????	???????	??????????	???????	"??????? ?? ????? ??????? ??? ??????? ????? ???? ????? ??? ???????? ???? ???? ????? ????? ?? ??? ????? ?????? ????????? ????? ?????? ?????? ???????? ??????? ??? ??????? ?? ??? ??????? ???????? ???? ??? ?????? 9.7 ????? ???? ??? ???????? ??? 2018 ?????? 10.6% ?? ?????? ????? ???? ???."
35632617	1	?? ?? ????? ??????? ??? ??????? ?	???????	??????	???????	??????????	???????	"??????? ?? ????? ??????? ??? ??????? ????? ???? ????? ??? ???????? ???? ???? ????? ????? ?? ??? ????? ?????? ????????? ????? ?????? ?????? ???????? ??????? ??? ??????? ?? ??? ??????? ???????? ???? ??? ?????? 9.7 ????? ???? ??? ???????? ??? 2018 ?????? 10.6% ?? ?????? ????? ???? ???."
35632618	1	?? ?? ????? ??????? ??? ??????? ?	???????	??????	???????	??????????	???????	"??????? ?? ????? ??????? ??? ??????? ????? ???? ????? ??? ???????? ???? ???? ????? ????? ?? ??? ????? ?????? ????????? ????? ?????? ?????? ???????? ??????? ??? ??????? ?? ??? ??????? ???????? ???? ??? ?????? 9.7 ????? ???? ??? ???????? ??? 2018 ?????? 10.6% ?? ?????? ????? ???? ???."
35632619	1	?? ?? ????? ??????? ??? ??????? ?	???????	??????	???????	??????????	???????	"??????? ?? ????? ??????? ??? ??????? ????? ???? ????? ??? ???????? ???? ???? ????? ????? ?? ??? ????? ?????? ????????? ????? ?????? ?????? ???????? ??????? ??? ??????? ?? ??? ??????? ???????? ???? ??? ?????? 9.7 ????? ???? ??? ???????? ??? 2018 ?????? 10.6% ?? ?????? ????? ???? ???."
35632620	1	?? ?? ????? ??????? ??? ??????? ?	???????	??????	???????	??????????	???????	"??????? ?? ????? ??????? ??? ??????? ????? ???? ????? ??? ???????? ???? ???? ????? ????? ?? ??? ????? ?????? ????????? ????? ?????? ?????? ???????? ??????? ??? ??????? ?? ??? ??????? ???????? ???? ??? ?????? 9.7 ????? ???? ??? ???????? ??? 2018 ?????? 10.6% ?? ?????? ????? ???? ???."
35632621	1	?? ?? ????? ??????? ??? ??????? ?	???????	??????	???????	??????????	???????	"??????? ?? ????? ??????? ??? ??????? ????? ???? ????? ??? ???????? ???? ???? ????? ????? ?? ??? ????? ?????? ????????? ????? ?????? ?????? ???????? ??????? ??? ??????? ?? ??? ??????? ???????? ???? ??? ?????? 9.7 ????? ???? ??? ???????? ??? 2018 ?????? 10.6% ?? ?????? ????? ???? ???."
35632622	1	?? ?? ????? ??????? ??? ??????? ?	???????	??????	???????	??????????	???????	"??????? ?? ????? ??????? ??? ??????? ????? ???? ????? ??? ???????? ???? ???? ????? ????? ?? ??? ????? ?????? ????????? ????? ?????? ?????? ???????? ??????? ??? ??????? ?? ??? ??????? ???????? ???? ??? ?????? 9.7 ????? ???? ??? ???????? ??? 2018 ?????? 10.6% ?? ?????? ????? ???? ???."
35632623	1	?? ?? ????? ??????? ??? ??????? ?	???????	??????	???????	??????????	???????	"??????? ?? ????? ??????? ??? ??????? ????? ???? ????? ??? ???????? ???? ???? ????? ????? ?? ??? ????? ?????? ????????? ????? ?????? ?????? ???????? ??????? ??? ??????? ?? ??? ??????? ???????? ???? ??? ?????? 9.7 ????? ???? ??? ???????? ??? 2018 ?????? 10.6% ?? ?????? ????? ???? ???."
35632624	1	?? ?? ????? ??????? ??? ??????? ?	???????	??????	???????	??????????	???????	"??????? ?? ????? ??????? ??? ??????? ????? ???? ????? ??? ???????? ???? ???? ????? ????? ?? ??? ????? ?????? ????????? ????? ?????? ?????? ???????? ??????? ??? ??????? ?? ??? ??????? ???????? ???? ??? ?????? 9.7 ????? ???? ??? ???????? ??? 2018 ?????? 10.6% ?? ?????? ????? ???? ???."
35632625	1	?? ?? ????? ??????? ??? ??????? ?	???????	??????	???????	??????????	???????	"??????? ?? ????? ??????? ??? ??????? ????? ???? ????? ??? ???????? ???? ???? ????? ????? ?? ??? ????? ?????? ????????? ????? ?????? ?????? ???????? ??????? ??? ??????? ?? ??? ??????? ???????? ???? ??? ?????? 9.7 ????? ???? ??? ???????? ??? 2018 ?????? 10.6% ?? ?????? ????? ???? ???."
35632626	1	?? ?? ????? ??????? ??? ??????? ?	???????	??????	???????	??????????	???????	"??????? ?? ????? ??????? ??? ??????? ????? ???? ????? ??? ???????? ???? ???? ????? ????? ?? ??? ????? ?????? ????????? ????? ?????? ?????? ???????? ??????? ??? ??????? ?? ??? ??????? ???????? ???? ??? ?????? 9.7 ????? ???? ??? ???????? ??? 2018 ?????? 10.6% ?? ?????? ????? ???? ???."
35632627	1	?? ?? ????? ??????? ??? ??????? ?	???????	??????	???????	??????????	???????	"??????? ?? ????? ??????? ??? ??????? ????? ???? ????? ??? ???????? ???? ???? ????? ????? ?? ??? ????? ?????? ????????? ????? ?????? ?????? ???????? ??????? ??? ??????? ?? ??? ??????? ???????? ???? ??? ?????? 9.7 ????? ???? ??? ???????? ??? 2018 ?????? 10.6% ?? ?????? ????? ???? ???."
35632628	1	?? ?? ????? ??????? ??? ??????? ?	???????	??????	???????	??????????	???????	"??????? ?? ????? ??????? ??? ??????? ????? ???? ????? ??? ???????? ???? ???? ????? ????? ?? ??? ????? ?????? ????????? ????? ?????? ?????? ???????? ??????? ??? ??????? ?? ??? ??????? ???????? ???? ??? ?????? 9.7 ????? ???? ??? ???????? ??? 2018 ?????? 10.6% ?? ?????? ????? ???? ???."
35632629	1	?? ?? ????? ??????? ??? ??????? ?	???????	??????	???????	??????????	???????	"??????? ?? ????? ??????? ??? ??????? ????? ???? ????? ??? ???????? ???? ???? ????? ????? ?? ??? ????? ?????? ????????? ????? ?????? ?????? ???????? ??????? ??? ??????? ?? ??? ??????? ???????? ???? ??? ?????? 9.7 ????? ???? ??? ???????? ??? 2018 ?????? 10.6% ?? ?????? ????? ???? ???."
35632630	1	?? ?? ????? ??????? ??? ??????? ?	???????	??????	???????	??????????	???????	"??????? ?? ????? ??????? ??? ??????? ????? ???? ????? ??? ???????? ???? ???? ????? ????? ?? ??? ????? ?????? ????????? ????? ?????? ?????? ???????? ??????? ??? ??????? ?? ??? ??????? ???????? ???? ??? ?????? 9.7 ????? ???? ??? ???????? ??? 2018 ?????? 10.6% ?? ?????? ????? ???? ???."
35632631	1	?? ?? ????? ??????? ??? ??????? ?	???????	??????	???????	??????????	???????	"??????? ?? ????? ??????? ??? ??????? ????? ???? ????? ??? ???????? ???? ???? ????? ????? ?? ??? ????? ?????? ????????? ????? ?????? ?????? ???????? ??????? ??? ??????? ?? ??? ??????? ???????? ???? ??? ?????? 9.7 ????? ???? ??? ???????? ??? 2018 ?????? 10.6% ?? ?????? ????? ???? ???."
35632632	1	?? ?? ????? ??????? ??? ??????? ?	???????	??????	???????	??????????	???????	"??????? ?? ????? ??????? ??? ??????? ????? ???? ????? ??? ???????? ???? ???? ????? ????? ?? ??? ????? ?????? ????????? ????? ?????? ?????? ???????? ??????? ??? ??????? ?? ??? ??????? ???????? ???? ??? ?????? 9.7 ????? ???? ??? ???????? ??? 2018 ?????? 10.6% ?? ?????? ????? ???? ???."
35632633	1	?? ?? ????? ??????? ??? ??????? ?	???????	??????	???????	??????????	???????	"??????? ?? ????? ??????? ??? ??????? ????? ???? ????? ??? ???????? ???? ???? ????? ????? ?? ??? ????? ?????? ????????? ????? ?????? ?????? ???????? ??????? ??? ??????? ?? ??? ??????? ???????? ???? ??? ?????? 9.7 ????? ???? ??? ???????? ??? 2018 ?????? 10.6% ?? ?????? ????? ???? ???."
35632634	1	?? ?? ????? ??????? ??? ??????? ?	???????	??????	???????	??????????	???????	"??????? ?? ????? ??????? ??? ??????? ????? ???? ????? ??? ???????? ???? ???? ????? ????? ?? ??? ????? ?????? ????????? ????? ?????? ?????? ???????? ??????? ??? ??????? ?? ??? ??????? ???????? ???? ??? ?????? 9.7 ????? ???? ??? ???????? ??? 2018 ?????? 10.6% ?? ?????? ????? ???? ???."
35632635	1	?? ?? ????? ??????? ??? ??????? ?	???????	??????	???????	??????????	???????	"??????? ?? ????? ??????? ??? ??????? ????? ???? ????? ??? ???????? ???? ???? ????? ????? ?? ??? ????? ?????? ????????? ????? ?????? ?????? ???????? ??????? ??? ??????? ?? ??? ??????? ???????? ???? ??? ?????? 9.7 ????? ???? ??? ???????? ??? 2018 ?????? 10.6% ?? ?????? ????? ???? ???."
35632636	1	?? ?? ????? ??????? ??? ??????? ?	???????	??????	???????	??????????	???????	"??????? ?? ????? ??????? ??? ??????? ????? ???? ????? ??? ???????? ???? ???? ????? ????? ?? ??? ????? ?????? ????????? ????? ?????? ?????? ???????? ??????? ??? ??????? ?? ??? ??????? ???????? ???? ??? ?????? 9.7 ????? ???? ??? ???????? ??? 2018 ?????? 10.6% ?? ?????? ????? ???? ???."
35632637	1	?? ?? ????? ??????? ??? ??????? ?	???????	??????	???????	??????????	???????	"??????? ?? ????? ??????? ??? ??????? ????? ???? ????? ??? ???????? ???? ???? ????? ????? ?? ??? ????? ?????? ????????? ????? ?????? ?????? ???????? ??????? ??? ??????? ?? ??? ??????? ???????? ???? ??? ?????? 9.7 ????? ???? ??? ???????? ??? 2018 ?????? 10.6% ?? ?????? ????? ???? ???."
35632638	1	?? ?? ????? ??????? ??? ??????? ?	???????	??????	???????	??????????	???????	"??????? ?? ????? ??????? ??? ??????? ????? ???? ????? ??? ???????? ???? ???? ????? ????? ?? ??? ????? ?????? ????????? ????? ?????? ?????? ???????? ??????? ??? ??????? ?? ??? ??????? ???????? ???? ??? ?????? 9.7 ????? ???? ??? ???????? ??? 2018 ?????? 10.6% ?? ?????? ????? ???? ???."
35632639	1	?? ?? ????? ??????? ??? ??????? ?	???????	??????	???????	??????????	???????	"??????? ?? ????? ??????? ??? ??????? ????? ???? ????? ??? ???????? ???? ???? ????? ????? ?? ??? ????? ?????? ????????? ????? ?????? ?????? ???????? ??????? ??? ??????? ?? ??? ??????? ???????? ???? ??? ?????? 9.7 ????? ???? ??? ???????? ??? 2018 ?????? 10.6% ?? ?????? ????? ???? ???."
35632640	1	?? ?? ????? ??????? ??? ??????? ?	???????	??????	???????	??????????	???????	"??????? ?? ????? ??????? ??? ??????? ????? ???? ????? ??? ???????? ???? ???? ????? ????? ?? ??? ????? ?????? ????????? ????? ?????? ?????? ???????? ??????? ??? ??????? ?? ??? ??????? ???????? ???? ??? ?????? 9.7 ????? ???? ??? ???????? ??? 2018 ?????? 10.6% ?? ?????? ????? ???? ???."
35632641	1	?? ?? ????? ??????? ??? ??????? ?	???????	??????	???????	??????????	???????	"??????? ?? ????? ??????? ??? ??????? ????? ???? ????? ??? ???????? ???? ???? ????? ????? ?? ??? ????? ?????? ????????? ????? ?????? ?????? ???????? ??????? ??? ??????? ?? ??? ??????? ???????? ???? ??? ?????? 9.7 ????? ???? ??? ???????? ??? 2018 ?????? 10.6% ?? ?????? ????? ???? ???."
35632642	1	?? ?? ????? ??????? ??? ??????? ?	???????	??????	???????	??????????	???????	"??????? ?? ????? ??????? ??? ??????? ????? ???? ????? ??? ???????? ???? ???? ????? ????? ?? ??? ????? ?????? ????????? ????? ?????? ?????? ???????? ??????? ??? ??????? ?? ??? ??????? ???????? ???? ??? ?????? 9.7 ????? ???? ??? ???????? ??? 2018 ?????? 10.6% ?? ?????? ????? ???? ???."
35632643	1	?? ?? ????? ??????? ??? ??????? ?	???????	??????	???????	??????????	???????	"??????? ?? ????? ??????? ??? ??????? ????? ???? ????? ??? ???????? ???? ???? ????? ????? ?? ??? ????? ?????? ????????? ????? ?????? ?????? ???????? ??????? ??? ??????? ?? ??? ??????? ???????? ???? ??? ?????? 9.7 ????? ???? ??? ???????? ??? 2018 ?????? 10.6% ?? ?????? ????? ???? ???."
35632644	1	?? ?? ????? ??????? ??? ??????? ?	???????	??????	???????	??????????	???????	"??????? ?? ????? ??????? ??? ??????? ????? ???? ????? ??? ???????? ???? ???? ????? ????? ?? ??? ????? ?????? ????????? ????? ?????? ?????? ???????? ??????? ??? ??????? ?? ??? ??????? ???????? ???? ??? ?????? 9.7 ????? ???? ??? ???????? ??? 2018 ?????? 10.6% ?? ?????? ????? ???? ???."
35632645	1	?? ?? ????? ??????? ??? ??????? ?	???????	??????	???????	??????????	???????	"??????? ?? ????? ??????? ??? ??????? ????? ???? ????? ??? ???????? ???? ???? ????? ????? ?? ??? ????? ?????? ????????? ????? ?????? ?????? ???????? ??????? ??? ??????? ?? ??? ??????? ???????? ???? ??? ?????? 9.7 ????? ???? ??? ???????? ??? 2018 ?????? 10.6% ?? ?????? ????? ???? ???."
35632646	1	?? ?? ????? ??????? ??? ??????? ?	???????	??????	???????	??????????	???????	"??????? ?? ????? ??????? ??? ??????? ????? ???? ????? ??? ???????? ???? ???? ????? ????? ?? ??? ????? ?????? ????????? ????? ?????? ?????? ???????? ??????? ??? ??????? ?? ??? ??????? ???????? ???? ??? ?????? 9.7 ????? ???? ??? ???????? ??? 2018 ?????? 10.6% ?? ?????? ????? ???? ???."
35632647	1	?? ?? ????? ??????? ??? ??????? ?	???????	??????	???????	??????????	???????	"??????? ?? ????? ??????? ??? ??????? ????? ???? ????? ??? ???????? ???? ???? ????? ????? ?? ??? ????? ?????? ????????? ????? ?????? ?????? ???????? ??????? ??? ??????? ?? ??? ??????? ???????? ???? ??? ?????? 9.7 ????? ???? ??? ???????? ??? 2018 ?????? 10.6% ?? ?????? ????? ???? ???."
35632648	1	?? ?? ????? ??????? ??? ??????? ?	???????	??????	???????	??????????	???????	"??????? ?? ????? ??????? ??? ??????? ????? ???? ????? ??? ???????? ???? ???? ????? ????? ?? ??? ????? ?????? ????????? ????? ?????? ?????? ???????? ??????? ??? ??????? ?? ??? ??????? ???????? ???? ??? ?????? 9.7 ????? ???? ??? ???????? ??? 2018 ?????? 10.6% ?? ?????? ????? ???? ???."
35632649	1	?? ?? ????? ??????? ??? ??????? ?	???????	??????	???????	??????????	???????	"??????? ?? ????? ??????? ??? ??????? ????? ???? ????? ??? ???????? ???? ???? ????? ????? ?? ??? ????? ?????? ????????? ????? ?????? ?????? ???????? ??????? ??? ??????? ?? ??? ??????? ???????? ???? ??? ?????? 9.7 ????? ???? ??? ???????? ??? 2018 ?????? 10.6% ?? ?????? ????? ???? ???."
35632650	1	?? ?? ????? ??????? ??? ??????? ?	???????	??????	???????	??????????	???????	"??????? ?? ????? ??????? ??? ??????? ????? ???? ????? ??? ???????? ???? ???? ????? ????? ?? ??? ????? ?????? ????????? ????? ?????? ?????? ???????? ??????? ??? ??????? ?? ??? ??????? ???????? ???? ??? ?????? 9.7 ????? ???? ??? ???????? ??? 2018 ?????? 10.6% ?? ?????? ????? ???? ???."
35632651	1	?? ?? ????? ??????? ??? ??????? ?	???????	??????	???????	??????????	???????	"??????? ?? ????? ??????? ??? ??????? ????? ???? ????? ??? ???????? ???? ???? ????? ????? ?? ??? ????? ?????? ????????? ????? ?????? ?????? ???????? ??????? ??? ??????? ?? ??? ??????? ???????? ???? ??? ?????? 9.7 ????? ???? ??? ???????? ??? 2018 ?????? 10.6% ?? ?????? ????? ???? ???."
35632652	1	?? ?? ????? ??????? ??? ??????? ?	???????	??????	???????	??????????	???????	"??????? ?? ????? ??????? ??? ??????? ????? ???? ????? ??? ???????? ???? ???? ????? ????? ?? ??? ????? ?????? ????????? ????? ?????? ?????? ???????? ??????? ??? ??????? ?? ??? ??????? ???????? ???? ??? ?????? 9.7 ????? ???? ??? ???????? ??? 2018 ?????? 10.6% ?? ?????? ????? ???? ???."
35632653	1	?? ?? ????? ??????? ??? ??????? ?	???????	??????	???????	??????????	???????	"??????? ?? ????? ??????? ??? ??????? ????? ???? ????? ??? ???????? ???? ???? ????? ????? ?? ??? ????? ?????? ????????? ????? ?????? ?????? ???????? ??????? ??? ??????? ?? ??? ??????? ???????? ???? ??? ?????? 9.7 ????? ???? ??? ???????? ??? 2018 ?????? 10.6% ?? ?????? ????? ???? ???."
35632654	1	?? ?? ????? ??????? ??? ??????? ?	???????	??????	???????	??????????	???????	"??????? ?? ????? ??????? ??? ??????? ????? ???? ????? ??? ???????? ???? ???? ????? ????? ?? ??? ????? ?????? ????????? ????? ?????? ?????? ???????? ??????? ??? ??????? ?? ??? ??????? ???????? ???? ??? ?????? 9.7 ????? ???? ??? ???????? ??? 2018 ?????? 10.6% ?? ?????? ????? ???? ???."
35632655	1	?? ?? ????? ??????? ??? ??????? ?	???????	??????	???????	??????????	???????	"??????? ?? ????? ??????? ??? ??????? ????? ???? ????? ??? ???????? ???? ???? ????? ????? ?? ??? ????? ?????? ????????? ????? ?????? ?????? ???????? ??????? ??? ??????? ?? ??? ??????? ???????? ???? ??? ?????? 9.7 ????? ???? ??? ???????? ??? 2018 ?????? 10.6% ?? ?????? ????? ???? ???."
35632656	1	?? ?? ????? ??????? ??? ??????? ?	???????	??????	???????	??????????	???????	"??????? ?? ????? ??????? ??? ??????? ????? ???? ????? ??? ???????? ???? ???? ????? ????? ?? ??? ????? ?????? ????????? ????? ?????? ?????? ???????? ??????? ??? ??????? ?? ??? ??????? ???????? ???? ??? ?????? 9.7 ????? ???? ??? ???????? ??? 2018 ?????? 10.6% ?? ?????? ????? ???? ???."
35632657	1	?? ?? ????? ??????? ??? ??????? ?	???????	??????	???????	??????????	???????	"??????? ?? ????? ??????? ??? ??????? ????? ???? ????? ??? ???????? ???? ???? ????? ????? ?? ??? ????? ?????? ????????? ????? ?????? ?????? ???????? ??????? ??? ??????? ?? ??? ??????? ???????? ???? ??? ?????? 9.7 ????? ???? ??? ???????? ??? 2018 ?????? 10.6% ?? ?????? ????? ???? ???."
35632658	1	?? ?? ????? ??????? ??? ??????? ?	???????	??????	???????	??????????	???????	"??????? ?? ????? ??????? ??? ??????? ????? ???? ????? ??? ???????? ???? ???? ????? ????? ?? ??? ????? ?????? ????????? ????? ?????? ?????? ???????? ??????? ??? ??????? ?? ??? ??????? ???????? ???? ??? ?????? 9.7 ????? ???? ??? ???????? ??? 2018 ?????? 10.6% ?? ?????? ????? ???? ???."
35632659	1	?? ?? ????? ??????? ??? ??????? ?	???????	??????	???????	??????????	???????	"??????? ?? ????? ??????? ??? ??????? ????? ???? ????? ??? ???????? ???? ???? ????? ????? ?? ??? ????? ?????? ????????? ????? ?????? ?????? ???????? ??????? ??? ??????? ?? ??? ??????? ???????? ???? ??? ?????? 9.7 ????? ???? ??? ???????? ??? 2018 ?????? 10.6% ?? ?????? ????? ???? ???."
35632660	1	?? ?? ????? ??????? ??? ??????? ?	???????	??????	???????	??????????	???????	"??????? ?? ????? ??????? ??? ??????? ????? ???? ????? ??? ???????? ???? ???? ????? ????? ?? ??? ????? ?????? ????????? ????? ?????? ?????? ???????? ??????? ??? ??????? ?? ??? ??????? ???????? ???? ??? ?????? 9.7 ????? ???? ??? ???????? ??? 2018 ?????? 10.6% ?? ?????? ????? ???? ???."
35632661	1	?? ?? ????? ??????? ??? ??????? ?	???????	??????	???????	??????????	???????	"??????? ?? ????? ??????? ??? ??????? ????? ???? ????? ??? ???????? ???? ???? ????? ????? ?? ??? ????? ?????? ????????? ????? ?????? ?????? ???????? ??????? ??? ??????? ?? ??? ??????? ???????? ???? ??? ?????? 9.7 ????? ???? ??? ???????? ??? 2018 ?????? 10.6% ?? ?????? ????? ???? ???."
35632662	1	?? ?? ????? ??????? ??? ??????? ?	???????	??????	???????	??????????	???????	"??????? ?? ????? ??????? ??? ??????? ????? ???? ????? ??? ???????? ???? ???? ????? ????? ?? ??? ????? ?????? ????????? ????? ?????? ?????? ???????? ??????? ??? ??????? ?? ??? ??????? ???????? ???? ??? ?????? 9.7 ????? ???? ??? ???????? ??? 2018 ?????? 10.6% ?? ?????? ????? ???? ???."
35632663	1	?? ?? ????? ??????? ??? ??????? ?	???????	??????	???????	??????????	???????	"??????? ?? ????? ??????? ??? ??????? ????? ???? ????? ??? ???????? ???? ???? ????? ????? ?? ??? ????? ?????? ????????? ????? ?????? ?????? ???????? ??????? ??? ??????? ?? ??? ??????? ???????? ???? ??? ?????? 9.7 ????? ???? ??? ???????? ??? 2018 ?????? 10.6% ?? ?????? ????? ???? ???."
35632664	1	?? ?? ????? ??????? ??? ??????? ?	???????	??????	???????	??????????	???????	"??????? ?? ????? ??????? ??? ??????? ????? ???? ????? ??? ???????? ???? ???? ????? ????? ?? ??? ????? ?????? ????????? ????? ?????? ?????? ???????? ??????? ??? ??????? ?? ??? ??????? ???????? ???? ??? ?????? 9.7 ????? ???? ??? ???????? ??? 2018 ?????? 10.6% ?? ?????? ????? ???? ???."
35632665	1	?? ?? ????? ??????? ??? ??????? ?	???????	??????	???????	??????????	???????	"??????? ?? ????? ??????? ??? ??????? ????? ???? ????? ??? ???????? ???? ???? ????? ????? ?? ??? ????? ?????? ????????? ????? ?????? ?????? ???????? ??????? ??? ??????? ?? ??? ??????? ???????? ???? ??? ?????? 9.7 ????? ???? ??? ???????? ??? 2018 ?????? 10.6% ?? ?????? ????? ???? ???."
35632666	1	?? ?? ????? ??????? ??? ??????? ?	???????	??????	???????	??????????	???????	"??????? ?? ????? ??????? ??? ??????? ????? ???? ????? ??? ???????? ???? ???? ????? ????? ?? ??? ????? ?????? ????????? ????? ?????? ?????? ???????? ??????? ??? ??????? ?? ??? ??????? ???????? ???? ??? ?????? 9.7 ????? ???? ??? ???????? ??? 2018 ?????? 10.6% ?? ?????? ????? ???? ???."
35632667	1	?? ?? ????? ??????? ??? ??????? ?	???????	??????	???????	??????????	???????	"??????? ?? ????? ??????? ??? ??????? ????? ???? ????? ??? ???????? ???? ???? ????? ????? ?? ??? ????? ?????? ????????? ????? ?????? ?????? ???????? ??????? ??? ??????? ?? ??? ??????? ???????? ???? ??? ?????? 9.7 ????? ???? ??? ???????? ??? 2018 ?????? 10.6% ?? ?????? ????? ???? ???."
35632668	1	?? ?? ????? ??????? ??? ??????? ?	???????	??????	???????	??????????	???????	"??????? ?? ????? ??????? ??? ??????? ????? ???? ????? ??? ???????? ???? ???? ????? ????? ?? ??? ????? ?????? ????????? ????? ?????? ?????? ???????? ??????? ??? ??????? ?? ??? ??????? ???????? ???? ??? ?????? 9.7 ????? ???? ??? ???????? ??? 2018 ?????? 10.6% ?? ?????? ????? ???? ???."
35632669	1	?? ?? ????? ??????? ??? ??????? ?	???????	??????	???????	??????????	???????	"??????? ?? ????? ??????? ??? ??????? ????? ???? ????? ??? ???????? ???? ???? ????? ????? ?? ??? ????? ?????? ????????? ????? ?????? ?????? ???????? ??????? ??? ??????? ?? ??? ??????? ???????? ???? ??? ?????? 9.7 ????? ???? ??? ???????? ??? 2018 ?????? 10.6% ?? ?????? ????? ???? ???."
35632670	1	?? ?? ????? ??????? ??? ??????? ?	???????	??????	???????	??????????	???????	"??????? ?? ????? ??????? ??? ??????? ????? ???? ????? ??? ???????? ???? ???? ????? ????? ?? ??? ????? ?????? ????????? ????? ?????? ?????? ???????? ??????? ??? ??????? ?? ??? ??????? ???????? ???? ??? ?????? 9.7 ????? ???? ??? ???????? ??? 2018 ?????? 10.6% ?? ?????? ????? ???? ???."
35632671	1	?? ?? ????? ??????? ??? ??????? ?	???????	??????	???????	??????????	???????	"??????? ?? ????? ??????? ??? ??????? ????? ???? ????? ??? ???????? ???? ???? ????? ????? ?? ??? ????? ?????? ????????? ????? ?????? ?????? ???????? ??????? ??? ??????? ?? ??? ??????? ???????? ???? ??? ?????? 9.7 ????? ???? ??? ???????? ??? 2018 ?????? 10.6% ?? ?????? ????? ???? ???."
35632672	1	?? ?? ????? ??????? ??? ??????? ?	???????	??????	???????	??????????	???????	"??????? ?? ????? ??????? ??? ??????? ????? ???? ????? ??? ???????? ???? ???? ????? ????? ?? ??? ????? ?????? ????????? ????? ?????? ?????? ???????? ??????? ??? ??????? ?? ??? ??????? ???????? ???? ??? ?????? 9.7 ????? ???? ??? ???????? ??? 2018 ?????? 10.6% ?? ?????? ????? ???? ???."
35632673	1	?? ?? ????? ??????? ??? ??????? ?	???????	??????	???????	??????????	???????	"??????? ?? ????? ??????? ??? ??????? ????? ???? ????? ??? ???????? ???? ???? ????? ????? ?? ??? ????? ?????? ????????? ????? ?????? ?????? ???????? ??????? ??? ??????? ?? ??? ??????? ???????? ???? ??? ?????? 9.7 ????? ???? ??? ???????? ??? 2018 ?????? 10.6% ?? ?????? ????? ???? ???."
35632674	1	?? ?? ????? ??????? ??? ??????? ?	???????	??????	???????	??????????	???????	"??????? ?? ????? ??????? ??? ??????? ????? ???? ????? ??? ???????? ???? ???? ????? ????? ?? ??? ????? ?????? ????????? ????? ?????? ?????? ???????? ??????? ??? ??????? ?? ??? ??????? ???????? ???? ??? ?????? 9.7 ????? ???? ??? ???????? ??? 2018 ?????? 10.6% ?? ?????? ????? ???? ???."
35632675	1	?? ?? ????? ??????? ??? ??????? ?	???????	??????	???????	??????????	???????	"??????? ?? ????? ??????? ??? ??????? ????? ???? ????? ??? ???????? ???? ???? ????? ????? ?? ??? ????? ?????? ????????? ????? ?????? ?????? ???????? ??????? ??? ??????? ?? ??? ??????? ???????? ???? ??? ?????? 9.7 ????? ???? ??? ???????? ??? 2018 ?????? 10.6% ?? ?????? ????? ???? ???."
35632676	1	?? ?? ????? ??????? ??? ??????? ?	???????	??????	???????	??????????	???????	"??????? ?? ????? ??????? ??? ??????? ????? ???? ????? ??? ???????? ???? ???? ????? ????? ?? ??? ????? ?????? ????????? ????? ?????? ?????? ???????? ??????? ??? ??????? ?? ??? ??????? ???????? ???? ??? ?????? 9.7 ????? ???? ??? ???????? ??? 2018 ?????? 10.6% ?? ?????? ????? ???? ???."
35632677	1	?? ?? ????? ??????? ??? ??????? ?	???????	??????	???????	??????????	???????	"??????? ?? ????? ??????? ??? ??????? ????? ???? ????? ??? ???????? ???? ???? ????? ????? ?? ??? ????? ?????? ????????? ????? ?????? ?????? ???????? ??????? ??? ??????? ?? ??? ??????? ???????? ???? ??? ?????? 9.7 ????? ???? ??? ???????? ??? 2018 ?????? 10.6% ?? ?????? ????? ???? ???."
35632678	1	?? ?? ????? ??????? ??? ??????? ?	???????	??????	???????	??????????	???????	"??????? ?? ????? ??????? ??? ??????? ????? ???? ????? ??? ???????? ???? ???? ????? ????? ?? ??? ????? ?????? ????????? ????? ?????? ?????? ???????? ??????? ??? ??????? ?? ??? ??????? ???????? ???? ??? ?????? 9.7 ????? ???? ??? ???????? ??? 2018 ?????? 10.6% ?? ?????? ????? ???? ???."
35632679	1	?? ?? ????? ??????? ??? ??????? ?	???????	??????	???????	??????????	???????	"??????? ?? ????? ??????? ??? ??????? ????? ???? ????? ??? ???????? ???? ???? ????? ????? ?? ??? ????? ?????? ????????? ????? ?????? ?????? ???????? ??????? ??? ??????? ?? ??? ??????? ???????? ???? ??? ?????? 9.7 ????? ???? ??? ???????? ??? 2018 ?????? 10.6% ?? ?????? ????? ???? ???."
35632680	1	?? ?? ????? ??????? ??? ??????? ?	???????	??????	???????	??????????	???????	"??????? ?? ????? ??????? ??? ??????? ????? ???? ????? ??? ???????? ???? ???? ????? ????? ?? ??? ????? ?????? ????????? ????? ?????? ?????? ???????? ??????? ??? ??????? ?? ??? ??????? ???????? ???? ??? ?????? 9.7 ????? ???? ??? ???????? ??? 2018 ?????? 10.6% ?? ?????? ????? ???? ???."
35632681	1	?? ?? ????? ??????? ??? ??????? ?	???????	??????	???????	??????????	???????	"??????? ?? ????? ??????? ??? ??????? ????? ???? ????? ??? ???????? ???? ???? ????? ????? ?? ??? ????? ?????? ????????? ????? ?????? ?????? ???????? ??????? ??? ??????? ?? ??? ??????? ???????? ???? ??? ?????? 9.7 ????? ???? ??? ???????? ??? 2018 ?????? 10.6% ?? ?????? ????? ???? ???."
35632682	1	?? ?? ????? ??????? ??? ??????? ?	???????	??????	???????	??????????	???????	"??????? ?? ????? ??????? ??? ??????? ????? ???? ????? ??? ???????? ???? ???? ????? ????? ?? ??? ????? ?????? ????????? ????? ?????? ?????? ???????? ??????? ??? ??????? ?? ??? ??????? ???????? ???? ??? ?????? 9.7 ????? ???? ??? ???????? ??? 2018 ?????? 10.6% ?? ?????? ????? ???? ???."
35632683	1	?? ?? ????? ??????? ??? ??????? ?	???????	??????	???????	??????????	???????	"??????? ?? ????? ??????? ??? ??????? ????? ???? ????? ??? ???????? ???? ???? ????? ????? ?? ??? ????? ?????? ????????? ????? ?????? ?????? ???????? ??????? ??? ??????? ?? ??? ??????? ???????? ???? ??? ?????? 9.7 ????? ???? ??? ???????? ??? 2018 ?????? 10.6% ?? ?????? ????? ???? ???."
35632684	1	?? ?? ????? ??????? ??? ??????? ?	???????	??????	???????	??????????	???????	"??????? ?? ????? ??????? ??? ??????? ????? ???? ????? ??? ???????? ???? ???? ????? ????? ?? ??? ????? ?????? ????????? ????? ?????? ?????? ???????? ??????? ??? ??????? ?? ??? ??????? ???????? ???? ??? ?????? 9.7 ????? ???? ??? ???????? ??? 2018 ?????? 10.6% ?? ?????? ????? ???? ???."
35632685	1	?? ?? ????? ??????? ??? ??????? ?	???????	??????	???????	??????????	???????	"??????? ?? ????? ??????? ??? ??????? ????? ???? ????? ??? ???????? ???? ???? ????? ????? ?? ??? ????? ?????? ????????? ????? ?????? ?????? ???????? ??????? ??? ??????? ?? ??? ??????? ???????? ???? ??? ?????? 9.7 ????? ???? ??? ???????? ??? 2018 ?????? 10.6% ?? ?????? ????? ???? ???."
35632686	1	?? ?? ????? ??????? ??? ??????? ?	???????	??????	???????	??????????	???????	"??????? ?? ????? ??????? ??? ??????? ????? ???? ????? ??? ???????? ???? ???? ????? ????? ?? ??? ????? ?????? ????????? ????? ?????? ?????? ???????? ??????? ??? ??????? ?? ??? ??????? ???????? ???? ??? ?????? 9.7 ????? ???? ??? ???????? ??? 2018 ?????? 10.6% ?? ?????? ????? ???? ???."
35632687	1	?? ?? ????? ??????? ??? ??????? ?	???????	??????	???????	??????????	???????	"??????? ?? ????? ??????? ??? ??????? ????? ???? ????? ??? ???????? ???? ???? ????? ????? ?? ??? ????? ?????? ????????? ????? ?????? ?????? ???????? ??????? ??? ??????? ?? ??? ??????? ???????? ???? ??? ?????? 9.7 ????? ???? ??? ???????? ??? 2018 ?????? 10.6% ?? ?????? ????? ???? ???."
35632688	1	?? ?? ????? ??????? ??? ??????? ?	???????	??????	???????	??????????	???????	"??????? ?? ????? ??????? ??? ??????? ????? ???? ????? ??? ???????? ???? ???? ????? ????? ?? ??? ????? ?????? ????????? ????? ?????? ?????? ???????? ??????? ??? ??????? ?? ??? ??????? ???????? ???? ??? ?????? 9.7 ????? ???? ??? ???????? ??? 2018 ?????? 10.6% ?? ?????? ????? ???? ???."
35632689	1	?? ?? ????? ??????? ??? ??????? ?	???????	??????	???????	??????????	???????	"??????? ?? ????? ??????? ??? ??????? ????? ???? ????? ??? ???????? ???? ???? ????? ????? ?? ??? ????? ?????? ????????? ????? ?????? ?????? ???????? ??????? ??? ??????? ?? ??? ??????? ???????? ???? ??? ?????? 9.7 ????? ???? ??? ???????? ??? 2018 ?????? 10.6% ?? ?????? ????? ???? ???."
35632690	1	?? ?? ????? ??????? ??? ??????? ?	???????	??????	???????	??????????	???????	"??????? ?? ????? ??????? ??? ??????? ????? ???? ????? ??? ???????? ???? ???? ????? ????? ?? ??? ????? ?????? ????????? ????? ?????? ?????? ???????? ??????? ??? ??????? ?? ??? ??????? ???????? ???? ??? ?????? 9.7 ????? ???? ??? ???????? ??? 2018 ?????? 10.6% ?? ?????? ????? ???? ???."
35632691	1	?? ?? ????? ??????? ??? ??????? ?	???????	??????	???????	??????????	???????	"??????? ?? ????? ??????? ??? ??????? ????? ???? ????? ??? ???????? ???? ???? ????? ????? ?? ??? ????? ?????? ????????? ????? ?????? ?????? ???????? ??????? ??? ??????? ?? ??? ??????? ???????? ???? ??? ?????? 9.7 ????? ???? ??? ???????? ??? 2018 ?????? 10.6% ?? ?????? ????? ???? ???."
35632692	1	?? ?? ????? ??????? ??? ??????? ?	???????	??????	???????	??????????	???????	"??????? ?? ????? ??????? ??? ??????? ????? ???? ????? ??? ???????? ???? ???? ????? ????? ?? ??? ????? ?????? ????????? ????? ?????? ?????? ???????? ??????? ??? ??????? ?? ??? ??????? ???????? ???? ??? ?????? 9.7 ????? ???? ??? ???????? ??? 2018 ?????? 10.6% ?? ?????? ????? ???? ???."
35632693	1	?? ?? ????? ??????? ??? ??????? ?	???????	??????	???????	??????????	???????	"??????? ?? ????? ??????? ??? ??????? ????? ???? ????? ??? ???????? ???? ???? ????? ????? ?? ??? ????? ?????? ????????? ????? ?????? ?????? ???????? ??????? ??? ??????? ?? ??? ??????? ???????? ???? ??? ?????? 9.7 ????? ???? ??? ???????? ??? 2018 ?????? 10.6% ?? ?????? ????? ???? ???."
35632694	1	?? ?? ????? ??????? ??? ??????? ?	???????	??????	???????	??????????	???????	"??????? ?? ????? ??????? ??? ??????? ????? ???? ????? ??? ???????? ???? ???? ????? ????? ?? ??? ????? ?????? ????????? ????? ?????? ?????? ???????? ??????? ??? ??????? ?? ??? ??????? ???????? ???? ??? ?????? 9.7 ????? ???? ??? ???????? ??? 2018 ?????? 10.6% ?? ?????? ????? ???? ???."
35632695	1	?? ?? ????? ??????? ??? ??????? ?	???????	??????	???????	??????????	???????	"??????? ?? ????? ??????? ??? ??????? ????? ???? ????? ??? ???????? ???? ???? ????? ????? ?? ??? ????? ?????? ????????? ????? ?????? ?????? ???????? ??????? ??? ??????? ?? ??? ??????? ???????? ???? ??? ?????? 9.7 ????? ???? ??? ???????? ??? 2018 ?????? 10.6% ?? ?????? ????? ???? ???."
35632696	1	?? ?? ????? ??????? ??? ??????? ?	???????	??????	???????	??????????	???????	"??????? ?? ????? ??????? ??? ??????? ????? ???? ????? ??? ???????? ???? ???? ????? ????? ?? ??? ????? ?????? ????????? ????? ?????? ?????? ???????? ??????? ??? ??????? ?? ??? ??????? ???????? ???? ??? ?????? 9.7 ????? ???? ??? ???????? ??? 2018 ?????? 10.6% ?? ?????? ????? ???? ???."
35632697	1	?? ?? ????? ??????? ??? ??????? ?	???????	??????	???????	??????????	???????	"??????? ?? ????? ??????? ??? ??????? ????? ???? ????? ??? ???????? ???? ???? ????? ????? ?? ??? ????? ?????? ????????? ????? ?????? ?????? ???????? ??????? ??? ??????? ?? ??? ??????? ???????? ???? ??? ?????? 9.7 ????? ???? ??? ???????? ??? 2018 ?????? 10.6% ?? ?????? ????? ???? ???."
35632698	1	?? ?? ????? ??????? ??? ??????? ?	???????	??????	???????	??????????	???????	"??????? ?? ????? ??????? ??? ??????? ????? ???? ????? ??? ???????? ???? ???? ????? ????? ?? ??? ????? ?????? ????????? ????? ?????? ?????? ???????? ??????? ??? ??????? ?? ??? ??????? ???????? ???? ??? ?????? 9.7 ????? ???? ??? ???????? ??? 2018 ?????? 10.6% ?? ?????? ????? ???? ???."
35632699	1	?? ?? ????? ??????? ??? ??????? ?	???????	??????	???????	??????????	???????	"??????? ?? ????? ??????? ??? ??????? ????? ???? ????? ??? ???????? ???? ???? ????? ????? ?? ??? ????? ?????? ????????? ????? ?????? ?????? ???????? ??????? ??? ??????? ?? ??? ??????? ???????? ???? ??? ?????? 9.7 ????? ???? ??? ???????? ??? 2018 ?????? 10.6% ?? ?????? ????? ???? ???."
35632700	1	?? ?? ????? ??????? ??? ??????? ?	???????	??????	???????	??????????	???????	"??????? ?? ????? ??????? ??? ??????? ????? ???? ????? ??? ???????? ???? ???? ????? ????? ?? ??? ????? ?????? ????????? ????? ?????? ?????? ???????? ??????? ??? ??????? ?? ??? ??????? ???????? ???? ??? ?????? 9.7 ????? ???? ??? ???????? ??? 2018 ?????? 10.6% ?? ?????? ????? ???? ???."
35632701	1	?? ?? ????? ??????? ??? ??????? ?	???????	??????	???????	??????????	???????	"??????? ?? ????? ??????? ??? ??????? ????? ???? ????? ??? ???????? ???? ???? ????? ????? ?? ??? ????? ?????? ????????? ????? ?????? ?????? ???????? ??????? ??? ??????? ?? ??? ??????? ???????? ???? ??? ?????? 9.7 ????? ???? ??? ???????? ??? 2018 ?????? 10.6% ?? ?????? ????? ???? ???."
35632702	1	?? ?? ????? ??????? ??? ??????? ?	???????	??????	???????	??????????	???????	"??????? ?? ????? ??????? ??? ??????? ????? ???? ????? ??? ???????? ???? ???? ????? ????? ?? ??? ????? ?????? ????????? ????? ?????? ?????? ???????? ??????? ??? ??????? ?? ??? ??????? ???????? ???? ??? ?????? 9.7 ????? ???? ??? ???????? ??? 2018 ?????? 10.6% ?? ?????? ????? ???? ???."
35632703	1	?? ?? ????? ??????? ??? ??????? ?	???????	??????	???????	??????????	???????	"??????? ?? ????? ??????? ??? ??????? ????? ???? ????? ??? ???????? ???? ???? ????? ????? ?? ??? ????? ?????? ????????? ????? ?????? ?????? ???????? ??????? ??? ??????? ?? ??? ??????? ???????? ???? ??? ?????? 9.7 ????? ???? ??? ???????? ??? 2018 ?????? 10.6% ?? ?????? ????? ???? ???."
35632704	1	?? ?? ????? ??????? ??? ??????? ?	???????	??????	???????	??????????	???????	"??????? ?? ????? ??????? ??? ??????? ????? ???? ????? ??? ???????? ???? ???? ????? ????? ?? ??? ????? ?????? ????????? ????? ?????? ?????? ???????? ??????? ??? ??????? ?? ??? ??????? ???????? ???? ??? ?????? 9.7 ????? ???? ??? ???????? ??? 2018 ?????? 10.6% ?? ?????? ????? ???? ???."
35632705	1	?? ?? ????? ??????? ??? ??????? ?	???????	??????	???????	??????????	???????	"??????? ?? ????? ??????? ??? ??????? ????? ???? ????? ??? ???????? ???? ???? ????? ????? ?? ??? ????? ?????? ????????? ????? ?????? ?????? ???????? ??????? ??? ??????? ?? ??? ??????? ???????? ???? ??? ?????? 9.7 ????? ???? ??? ???????? ??? 2018 ?????? 10.6% ?? ?????? ????? ???? ???."
35632706	1	?? ?? ????? ??????? ??? ??????? ?	???????	??????	???????	??????????	???????	"??????? ?? ????? ??????? ??? ??????? ????? ???? ????? ??? ???????? ???? ???? ????? ????? ?? ??? ????? ?????? ????????? ????? ?????? ?????? ???????? ??????? ??? ??????? ?? ??? ??????? ???????? ???? ??? ?????? 9.7 ????? ???? ??? ???????? ??? 2018 ?????? 10.6% ?? ?????? ????? ???? ???."
35632707	1	?? ?? ????? ??????? ??? ??????? ?	???????	??????	???????	??????????	???????	"??????? ?? ????? ??????? ??? ??????? ????? ???? ????? ??? ???????? ???? ???? ????? ????? ?? ??? ????? ?????? ????????? ????? ?????? ?????? ???????? ??????? ??? ??????? ?? ??? ??????? ???????? ???? ??? ?????? 9.7 ????? ???? ??? ???????? ??? 2018 ?????? 10.6% ?? ?????? ????? ???? ???."
35632708	1	?? ?? ????? ??????? ??? ??????? ?	???????	??????	???????	??????????	???????	"??????? ?? ????? ??????? ??? ??????? ????? ???? ????? ??? ???????? ???? ???? ????? ????? ?? ??? ????? ?????? ????????? ????? ?????? ?????? ???????? ??????? ??? ??????? ?? ??? ??????? ???????? ???? ??? ?????? 9.7 ????? ???? ??? ???????? ??? 2018 ?????? 10.6% ?? ?????? ????? ???? ???."
35632709	1	?? ?? ????? ??????? ??? ??????? ?	???????	??????	???????	??????????	???????	"??????? ?? ????? ??????? ??? ??????? ????? ???? ????? ??? ???????? ???? ???? ????? ????? ?? ??? ????? ?????? ????????? ????? ?????? ?????? ???????? ??????? ??? ??????? ?? ??? ??????? ???????? ???? ??? ?????? 9.7 ????? ???? ??? ???????? ??? 2018 ?????? 10.6% ?? ?????? ????? ???? ???."
35632710	1	?? ?? ????? ??????? ??? ??????? ?	???????	??????	???????	??????????	???????	"??????? ?? ????? ??????? ??? ??????? ????? ???? ????? ??? ???????? ???? ???? ????? ????? ?? ??? ????? ?????? ????????? ????? ?????? ?????? ???????? ??????? ??? ??????? ?? ??? ??????? ???????? ???? ??? ?????? 9.7 ????? ???? ??? ???????? ??? 2018 ?????? 10.6% ?? ?????? ????? ???? ???."
35632711	1	?? ?? ????? ??????? ??? ??????? ?	???????	??????	???????	??????????	???????	"??????? ?? ????? ??????? ??? ??????? ????? ???? ????? ??? ???????? ???? ???? ????? ????? ?? ??? ????? ?????? ????????? ????? ?????? ?????? ???????? ??????? ??? ??????? ?? ??? ??????? ???????? ???? ??? ?????? 9.7 ????? ???? ??? ???????? ??? 2018 ?????? 10.6% ?? ?????? ????? ???? ???."
35632712	1	?? ?? ????? ??????? ??? ??????? ?	???????	??????	???????	??????????	???????	"??????? ?? ????? ??????? ??? ??????? ????? ???? ????? ??? ???????? ???? ???? ????? ????? ?? ??? ????? ?????? ????????? ????? ?????? ?????? ???????? ??????? ??? ??????? ?? ??? ??????? ???????? ???? ??? ?????? 9.7 ????? ???? ??? ???????? ??? 2018 ?????? 10.6% ?? ?????? ????? ???? ???."
35632713	1	?? ?? ????? ??????? ??? ??????? ?	???????	??????	???????	??????????	???????	"??????? ?? ????? ??????? ??? ??????? ????? ???? ????? ??? ???????? ???? ???? ????? ????? ?? ??? ????? ?????? ????????? ????? ?????? ?????? ???????? ??????? ??? ??????? ?? ??? ??????? ???????? ???? ??? ?????? 9.7 ????? ???? ??? ???????? ??? 2018 ?????? 10.6% ?? ?????? ????? ???? ???."
35632714	1	?? ?? ????? ??????? ??? ??????? ?	???????	??????	???????	??????????	???????	"??????? ?? ????? ??????? ??? ??????? ????? ???? ????? ??? ???????? ???? ???? ????? ????? ?? ??? ????? ?????? ????????? ????? ?????? ?????? ???????? ??????? ??? ??????? ?? ??? ??????? ???????? ???? ??? ?????? 9.7 ????? ???? ??? ???????? ??? 2018 ?????? 10.6% ?? ?????? ????? ???? ???."
35632715	1	?? ?? ????? ??????? ??? ??????? ?	???????	??????	???????	??????????	???????	"??????? ?? ????? ??????? ??? ??????? ????? ???? ????? ??? ???????? ???? ???? ????? ????? ?? ??? ????? ?????? ????????? ????? ?????? ?????? ???????? ??????? ??? ??????? ?? ??? ??????? ???????? ???? ??? ?????? 9.7 ????? ???? ??? ???????? ??? 2018 ?????? 10.6% ?? ?????? ????? ???? ???."
35632716	1	?? ?? ????? ??????? ??? ??????? ?	???????	??????	???????	??????????	???????	"??????? ?? ????? ??????? ??? ??????? ????? ???? ????? ??? ???????? ???? ???? ????? ????? ?? ??? ????? ?????? ????????? ????? ?????? ?????? ???????? ??????? ??? ??????? ?? ??? ??????? ???????? ???? ??? ?????? 9.7 ????? ???? ??? ???????? ??? 2018 ?????? 10.6% ?? ?????? ????? ???? ???."
35632717	1	?? ?? ????? ??????? ??? ??????? ?	???????	??????	???????	??????????	???????	"??????? ?? ????? ??????? ??? ??????? ????? ???? ????? ??? ???????? ???? ???? ????? ????? ?? ??? ????? ?????? ????????? ????? ?????? ?????? ???????? ??????? ??? ??????? ?? ??? ??????? ???????? ???? ??? ?????? 9.7 ????? ???? ??? ???????? ??? 2018 ?????? 10.6% ?? ?????? ????? ???? ???."
35632718	1	?? ?? ????? ??????? ??? ??????? ?	???????	??????	???????	??????????	???????	"??????? ?? ????? ??????? ??? ??????? ????? ???? ????? ??? ???????? ???? ???? ????? ????? ?? ??? ????? ?????? ????????? ????? ?????? ?????? ???????? ??????? ??? ??????? ?? ??? ??????? ???????? ???? ??? ?????? 9.7 ????? ???? ??? ???????? ??? 2018 ?????? 10.6% ?? ?????? ????? ???? ???."
35632719	1	?? ?? ????? ??????? ??? ??????? ?	???????	??????	???????	??????????	???????	"??????? ?? ????? ??????? ??? ??????? ????? ???? ????? ??? ???????? ???? ???? ????? ????? ?? ??? ????? ?????? ????????? ????? ?????? ?????? ???????? ??????? ??? ??????? ?? ??? ??????? ???????? ???? ??? ?????? 9.7 ????? ???? ??? ???????? ??? 2018 ?????? 10.6% ?? ?????? ????? ???? ???."
35632720	1	?? ?? ????? ??????? ??? ??????? ?	???????	??????	???????	??????????	???????	"??????? ?? ????? ??????? ??? ??????? ????? ???? ????? ??? ???????? ???? ???? ????? ????? ?? ??? ????? ?????? ????????? ????? ?????? ?????? ???????? ??????? ??? ??????? ?? ??? ??????? ???????? ???? ??? ?????? 9.7 ????? ???? ??? ???????? ??? 2018 ?????? 10.6% ?? ?????? ????? ???? ???."
35632721	1	?? ?? ????? ??????? ??? ??????? ?	???????	??????	???????	??????????	???????	"??????? ?? ????? ??????? ??? ??????? ????? ???? ????? ??? ???????? ???? ???? ????? ????? ?? ??? ????? ?????? ????????? ????? ?????? ?????? ???????? ??????? ??? ??????? ?? ??? ??????? ???????? ???? ??? ?????? 9.7 ????? ???? ??? ???????? ??? 2018 ?????? 10.6% ?? ?????? ????? ???? ???."
35632722	1	?? ?? ????? ??????? ??? ??????? ?	???????	??????	???????	??????????	???????	"??????? ?? ????? ??????? ??? ??????? ????? ???? ????? ??? ???????? ???? ???? ????? ????? ?? ??? ????? ?????? ????????? ????? ?????? ?????? ???????? ??????? ??? ??????? ?? ??? ??????? ???????? ???? ??? ?????? 9.7 ????? ???? ??? ???????? ??? 2018 ?????? 10.6% ?? ?????? ????? ???? ???."
35632723	1	?? ?? ????? ??????? ??? ??????? ?	???????	??????	???????	??????????	???????	"??????? ?? ????? ??????? ??? ??????? ????? ???? ????? ??? ???????? ???? ???? ????? ????? ?? ??? ????? ?????? ????????? ????? ?????? ?????? ???????? ??????? ??? ??????? ?? ??? ??????? ???????? ???? ??? ?????? 9.7 ????? ???? ??? ???????? ??? 2018 ?????? 10.6% ?? ?????? ????? ???? ???."
35632724	1	?? ?? ????? ??????? ??? ??????? ?	???????	??????	???????	??????????	???????	"??????? ?? ????? ??????? ??? ??????? ????? ???? ????? ??? ???????? ???? ???? ????? ????? ?? ??? ????? ?????? ????????? ????? ?????? ?????? ???????? ??????? ??? ??????? ?? ??? ??????? ???????? ???? ??? ?????? 9.7 ????? ???? ??? ???????? ??? 2018 ?????? 10.6% ?? ?????? ????? ???? ???."
35632725	1	?? ?? ????? ??????? ??? ??????? ?	???????	??????	???????	??????????	???????	"??????? ?? ????? ??????? ??? ??????? ????? ???? ????? ??? ???????? ???? ???? ????? ????? ?? ??? ????? ?????? ????????? ????? ?????? ?????? ???????? ??????? ??? ??????? ?? ??? ??????? ???????? ???? ??? ?????? 9.7 ????? ???? ??? ???????? ??? 2018 ?????? 10.6% ?? ?????? ????? ???? ???."
35632726	1	?? ?? ????? ??????? ??? ??????? ?	???????	??????	???????	??????????	???????	"??????? ?? ????? ??????? ??? ??????? ????? ???? ????? ??? ???????? ???? ???? ????? ????? ?? ??? ????? ?????? ????????? ????? ?????? ?????? ???????? ??????? ??? ??????? ?? ??? ??????? ???????? ???? ??? ?????? 9.7 ????? ???? ??? ???????? ??? 2018 ?????? 10.6% ?? ?????? ????? ???? ???."
35632727	1	?? ?? ????? ??????? ??? ??????? ?	???????	??????	???????	??????????	???????	"??????? ?? ????? ??????? ??? ??????? ????? ???? ????? ??? ???????? ???? ???? ????? ????? ?? ??? ????? ?????? ????????? ????? ?????? ?????? ???????? ??????? ??? ??????? ?? ??? ??????? ???????? ???? ??? ?????? 9.7 ????? ???? ??? ???????? ??? 2018 ?????? 10.6% ?? ?????? ????? ???? ???."
35632728	1	?? ?? ????? ??????? ??? ??????? ?	???????	??????	???????	??????????	???????	"??????? ?? ????? ??????? ??? ??????? ????? ???? ????? ??? ???????? ???? ???? ????? ????? ?? ??? ????? ?????? ????????? ????? ?????? ?????? ???????? ??????? ??? ??????? ?? ??? ??????? ???????? ???? ??? ?????? 9.7 ????? ???? ??? ???????? ??? 2018 ?????? 10.6% ?? ?????? ????? ???? ???."
35632729	1	?? ?? ????? ??????? ??? ??????? ?	???????	??????	???????	??????????	???????	"??????? ?? ????? ??????? ??? ??????? ????? ???? ????? ??? ???????? ???? ???? ????? ????? ?? ??? ????? ?????? ????????? ????? ?????? ?????? ???????? ??????? ??? ??????? ?? ??? ??????? ???????? ???? ??? ?????? 9.7 ????? ???? ??? ???????? ??? 2018 ?????? 10.6% ?? ?????? ????? ???? ???."
35632730	1	?? ?? ????? ??????? ??? ??????? ?	???????	??????	???????	??????????	???????	"??????? ?? ????? ??????? ??? ??????? ????? ???? ????? ??? ???????? ???? ???? ????? ????? ?? ??? ????? ?????? ????????? ????? ?????? ?????? ???????? ??????? ??? ??????? ?? ??? ??????? ???????? ???? ??? ?????? 9.7 ????? ???? ??? ???????? ??? 2018 ?????? 10.6% ?? ?????? ????? ???? ???."
35632731	1	?? ?? ????? ??????? ??? ??????? ?	???????	??????	???????	??????????	???????	"??????? ?? ????? ??????? ??? ??????? ????? ???? ????? ??? ???????? ???? ???? ????? ????? ?? ??? ????? ?????? ????????? ????? ?????? ?????? ???????? ??????? ??? ??????? ?? ??? ??????? ???????? ???? ??? ?????? 9.7 ????? ???? ??? ???????? ??? 2018 ?????? 10.6% ?? ?????? ????? ???? ???."
35632732	1	?? ?? ????? ??????? ??? ??????? ?	???????	??????	???????	??????????	???????	"??????? ?? ????? ??????? ??? ??????? ????? ???? ????? ??? ???????? ???? ???? ????? ????? ?? ??? ????? ?????? ????????? ????? ?????? ?????? ???????? ??????? ??? ??????? ?? ??? ??????? ???????? ???? ??? ?????? 9.7 ????? ???? ??? ???????? ??? 2018 ?????? 10.6% ?? ?????? ????? ???? ???."
35632733	1	?? ?? ????? ??????? ??? ??????? ?	???????	??????	???????	??????????	???????	"??????? ?? ????? ??????? ??? ??????? ????? ???? ????? ??? ???????? ???? ???? ????? ????? ?? ??? ????? ?????? ????????? ????? ?????? ?????? ???????? ??????? ??? ??????? ?? ??? ??????? ???????? ???? ??? ?????? 9.7 ????? ???? ??? ???????? ??? 2018 ?????? 10.6% ?? ?????? ????? ???? ???."
35632734	1	?? ?? ????? ??????? ??? ??????? ?	???????	??????	???????	??????????	???????	"??????? ?? ????? ??????? ??? ??????? ????? ???? ????? ??? ???????? ???? ???? ????? ????? ?? ??? ????? ?????? ????????? ????? ?????? ?????? ???????? ??????? ??? ??????? ?? ??? ??????? ???????? ???? ??? ?????? 9.7 ????? ???? ??? ???????? ??? 2018 ?????? 10.6% ?? ?????? ????? ???? ???."
35632735	1	?? ?? ????? ??????? ??? ??????? ?	???????	??????	???????	??????????	???????	"??????? ?? ????? ??????? ??? ??????? ????? ???? ????? ??? ???????? ???? ???? ????? ????? ?? ??? ????? ?????? ????????? ????? ?????? ?????? ???????? ??????? ??? ??????? ?? ??? ??????? ???????? ???? ??? ?????? 9.7 ????? ???? ??? ???????? ??? 2018 ?????? 10.6% ?? ?????? ????? ???? ???."
35632736	1	?? ?? ????? ??????? ??? ??????? ?	???????	??????	???????	??????????	???????	"??????? ?? ????? ??????? ??? ??????? ????? ???? ????? ??? ???????? ???? ???? ????? ????? ?? ??? ????? ?????? ????????? ????? ?????? ?????? ???????? ??????? ??? ??????? ?? ??? ??????? ???????? ???? ??? ?????? 9.7 ????? ???? ??? ???????? ??? 2018 ?????? 10.6% ?? ?????? ????? ???? ???."
35632737	1	?? ?? ????? ??????? ??? ??????? ?	???????	??????	???????	??????????	???????	"??????? ?? ????? ??????? ??? ??????? ????? ???? ????? ??? ???????? ???? ???? ????? ????? ?? ??? ????? ?????? ????????? ????? ?????? ?????? ???????? ??????? ??? ??????? ?? ??? ??????? ???????? ???? ??? ?????? 9.7 ????? ???? ??? ???????? ??? 2018 ?????? 10.6% ?? ?????? ????? ???? ???."
35632738	1	?? ?? ????? ??????? ??? ??????? ?	???????	??????	???????	??????????	???????	"??????? ?? ????? ??????? ??? ??????? ????? ???? ????? ??? ???????? ???? ???? ????? ????? ?? ??? ????? ?????? ????????? ????? ?????? ?????? ???????? ??????? ??? ??????? ?? ??? ??????? ???????? ???? ??? ?????? 9.7 ????? ???? ??? ???????? ??? 2018 ?????? 10.6% ?? ?????? ????? ???? ???."
35632739	1	?? ?? ????? ??????? ??? ??????? ?	???????	??????	???????	??????????	???????	"??????? ?? ????? ??????? ??? ??????? ????? ???? ????? ??? ???????? ???? ???? ????? ????? ?? ??? ????? ?????? ????????? ????? ?????? ?????? ???????? ??????? ??? ??????? ?? ??? ??????? ???????? ???? ??? ?????? 9.7 ????? ???? ??? ???????? ??? 2018 ?????? 10.6% ?? ?????? ????? ???? ???."
35632740	1	?? ?? ????? ??????? ??? ??????? ?	???????	??????	???????	??????????	???????	"??????? ?? ????? ??????? ??? ??????? ????? ???? ????? ??? ???????? ???? ???? ????? ????? ?? ??? ????? ?????? ????????? ????? ?????? ?????? ???????? ??????? ??? ??????? ?? ??? ??????? ???????? ???? ??? ?????? 9.7 ????? ???? ??? ???????? ??? 2018 ?????? 10.6% ?? ?????? ????? ???? ???."
35632741	1	?? ?? ????? ??????? ??? ??????? ?	???????	??????	???????	??????????	???????	"??????? ?? ????? ??????? ??? ??????? ????? ???? ????? ??? ???????? ???? ???? ????? ????? ?? ??? ????? ?????? ????????? ????? ?????? ?????? ???????? ??????? ??? ??????? ?? ??? ??????? ???????? ???? ??? ?????? 9.7 ????? ???? ??? ???????? ??? 2018 ?????? 10.6% ?? ?????? ????? ???? ???."
35632742	1	?? ?? ????? ??????? ??? ??????? ?	???????	??????	???????	??????????	???????	"??????? ?? ????? ??????? ??? ??????? ????? ???? ????? ??? ???????? ???? ???? ????? ????? ?? ??? ????? ?????? ????????? ????? ?????? ?????? ???????? ??????? ??? ??????? ?? ??? ??????? ???????? ???? ??? ?????? 9.7 ????? ???? ??? ???????? ??? 2018 ?????? 10.6% ?? ?????? ????? ???? ???."
35632743	1	?? ?? ????? ??????? ??? ??????? ?	???????	??????	???????	??????????	???????	"??????? ?? ????? ??????? ??? ??????? ????? ???? ????? ??? ???????? ???? ???? ????? ????? ?? ??? ????? ?????? ????????? ????? ?????? ?????? ???????? ??????? ??? ??????? ?? ??? ??????? ???????? ???? ??? ?????? 9.7 ????? ???? ??? ???????? ??? 2018 ?????? 10.6% ?? ?????? ????? ???? ???."
35632744	1	?? ?? ????? ??????? ??? ??????? ?	???????	??????	???????	??????????	???????	"??????? ?? ????? ??????? ??? ??????? ????? ???? ????? ??? ???????? ???? ???? ????? ????? ?? ??? ????? ?????? ????????? ????? ?????? ?????? ???????? ??????? ??? ??????? ?? ??? ??????? ???????? ???? ??? ?????? 9.7 ????? ???? ??? ???????? ??? 2018 ?????? 10.6% ?? ?????? ????? ???? ???."
35632745	1	?? ?? ????? ??????? ??? ??????? ?	???????	??????	???????	??????????	???????	"??????? ?? ????? ??????? ??? ??????? ????? ???? ????? ??? ???????? ???? ???? ????? ????? ?? ??? ????? ?????? ????????? ????? ?????? ?????? ???????? ??????? ??? ??????? ?? ??? ??????? ???????? ???? ??? ?????? 9.7 ????? ???? ??? ???????? ??? 2018 ?????? 10.6% ?? ?????? ????? ???? ???."
35632746	1	?? ?? ????? ??????? ??? ??????? ?	???????	??????	???????	??????????	???????	"??????? ?? ????? ??????? ??? ??????? ????? ???? ????? ??? ???????? ???? ???? ????? ????? ?? ??? ????? ?????? ????????? ????? ?????? ?????? ???????? ??????? ??? ??????? ?? ??? ??????? ???????? ???? ??? ?????? 9.7 ????? ???? ??? ???????? ??? 2018 ?????? 10.6% ?? ?????? ????? ???? ???."
35632747	1	?? ?? ????? ??????? ??? ??????? ?	???????	??????	???????	??????????	???????	"??????? ?? ????? ??????? ??? ??????? ????? ???? ????? ??? ???????? ???? ???? ????? ????? ?? ??? ????? ?????? ????????? ????? ?????? ?????? ???????? ??????? ??? ??????? ?? ??? ??????? ???????? ???? ??? ?????? 9.7 ????? ???? ??? ???????? ??? 2018 ?????? 10.6% ?? ?????? ????? ???? ???."
35632748	1	?? ?? ????? ??????? ??? ??????? ?	???????	??????	???????	??????????	???????	"??????? ?? ????? ??????? ??? ??????? ????? ???? ????? ??? ???????? ???? ???? ????? ????? ?? ??? ????? ?????? ????????? ????? ?????? ?????? ???????? ??????? ??? ??????? ?? ??? ??????? ???????? ???? ??? ?????? 9.7 ????? ???? ??? ???????? ??? 2018 ?????? 10.6% ?? ?????? ????? ???? ???."
35632749	1	?? ?? ????? ??????? ??? ??????? ?	???????	??????	???????	??????????	???????	"??????? ?? ????? ??????? ??? ??????? ????? ???? ????? ??? ???????? ???? ???? ????? ????? ?? ??? ????? ?????? ????????? ????? ?????? ?????? ???????? ??????? ??? ??????? ?? ??? ??????? ???????? ???? ??? ?????? 9.7 ????? ???? ??? ???????? ??? 2018 ?????? 10.6% ?? ?????? ????? ???? ???."
35632750	1	?? ?? ????? ??????? ??? ??????? ?	???????	??????	???????	??????????	???????	"??????? ?? ????? ??????? ??? ??????? ????? ???? ????? ??? ???????? ???? ???? ????? ????? ?? ??? ????? ?????? ????????? ????? ?????? ?????? ???????? ??????? ??? ??????? ?? ??? ??????? ???????? ???? ??? ?????? 9.7 ????? ???? ??? ???????? ??? 2018 ?????? 10.6% ?? ?????? ????? ???? ???."
35632751	1	?? ?? ????? ??????? ??? ??????? ?	???????	??????	???????	??????????	???????	"??????? ?? ????? ??????? ??? ??????? ????? ???? ????? ??? ???????? ???? ???? ????? ????? ?? ??? ????? ?????? ????????? ????? ?????? ?????? ???????? ??????? ??? ??????? ?? ??? ??????? ???????? ???? ??? ?????? 9.7 ????? ???? ??? ???????? ??? 2018 ?????? 10.6% ?? ?????? ????? ???? ???."
35632752	1	?? ?? ????? ??????? ??? ??????? ?	???????	??????	???????	??????????	???????	"??????? ?? ????? ??????? ??? ??????? ????? ???? ????? ??? ???????? ???? ???? ????? ????? ?? ??? ????? ?????? ????????? ????? ?????? ?????? ???????? ??????? ??? ??????? ?? ??? ??????? ???????? ???? ??? ?????? 9.7 ????? ???? ??? ???????? ??? 2018 ?????? 10.6% ?? ?????? ????? ???? ???."
35632753	1	?? ?? ????? ??????? ??? ??????? ?	???????	??????	???????	??????????	???????	"??????? ?? ????? ??????? ??? ??????? ????? ???? ????? ??? ???????? ???? ???? ????? ????? ?? ??? ????? ?????? ????????? ????? ?????? ?????? ???????? ??????? ??? ??????? ?? ??? ??????? ???????? ???? ??? ?????? 9.7 ????? ???? ??? ???????? ??? 2018 ?????? 10.6% ?? ?????? ????? ???? ???."
35632754	1	?? ?? ????? ??????? ??? ??????? ?	???????	??????	???????	??????????	???????	"??????? ?? ????? ??????? ??? ??????? ????? ???? ????? ??? ???????? ???? ???? ????? ????? ?? ??? ????? ?????? ????????? ????? ?????? ?????? ???????? ??????? ??? ??????? ?? ??? ??????? ???????? ???? ??? ?????? 9.7 ????? ???? ??? ???????? ??? 2018 ?????? 10.6% ?? ?????? ????? ???? ???."
35632755	1	?? ?? ????? ??????? ??? ??????? ?	???????	??????	???????	??????????	???????	"??????? ?? ????? ??????? ??? ??????? ????? ???? ????? ??? ???????? ???? ???? ????? ????? ?? ??? ????? ?????? ????????? ????? ?????? ?????? ???????? ??????? ??? ??????? ?? ??? ??????? ???????? ???? ??? ?????? 9.7 ????? ???? ??? ???????? ??? 2018 ?????? 10.6% ?? ?????? ????? ???? ???."
35632756	1	?? ?? ????? ??????? ??? ??????? ?	???????	??????	???????	??????????	???????	"??????? ?? ????? ??????? ??? ??????? ????? ???? ????? ??? ???????? ???? ???? ????? ????? ?? ??? ????? ?????? ????????? ????? ?????? ?????? ???????? ??????? ??? ??????? ?? ??? ??????? ???????? ???? ??? ?????? 9.7 ????? ???? ??? ???????? ??? 2018 ?????? 10.6% ?? ?????? ????? ???? ???."
35632757	1	?? ?? ????? ??????? ??? ??????? ?	???????	??????	???????	??????????	???????	"??????? ?? ????? ??????? ??? ??????? ????? ???? ????? ??? ???????? ???? ???? ????? ????? ?? ??? ????? ?????? ????????? ????? ?????? ?????? ???????? ??????? ??? ??????? ?? ??? ??????? ???????? ???? ??? ?????? 9.7 ????? ???? ??? ???????? ??? 2018 ?????? 10.6% ?? ?????? ????? ???? ???."
35632758	1	?? ?? ????? ??????? ??? ??????? ?	???????	??????	???????	??????????	???????	"??????? ?? ????? ??????? ??? ??????? ????? ???? ????? ??? ???????? ???? ???? ????? ????? ?? ??? ????? ?????? ????????? ????? ?????? ?????? ???????? ??????? ??? ??????? ?? ??? ??????? ???????? ???? ??? ?????? 9.7 ????? ???? ??? ???????? ??? 2018 ?????? 10.6% ?? ?????? ????? ???? ???."
35632759	1	?? ?? ????? ??????? ??? ??????? ?	???????	??????	???????	??????????	???????	"??????? ?? ????? ??????? ??? ??????? ????? ???? ????? ??? ???????? ???? ???? ????? ????? ?? ??? ????? ?????? ????????? ????? ?????? ?????? ???????? ??????? ??? ??????? ?? ??? ??????? ???????? ???? ??? ?????? 9.7 ????? ???? ??? ???????? ??? 2018 ?????? 10.6% ?? ?????? ????? ???? ???."
35632760	1	?? ?? ????? ??????? ??? ??????? ?	???????	??????	???????	??????????	???????	"??????? ?? ????? ??????? ??? ??????? ????? ???? ????? ??? ???????? ???? ???? ????? ????? ?? ??? ????? ?????? ????????? ????? ?????? ?????? ???????? ??????? ??? ??????? ?? ??? ??????? ???????? ???? ??? ?????? 9.7 ????? ???? ??? ???????? ??? 2018 ?????? 10.6% ?? ?????? ????? ???? ???."
35632761	1	?? ?? ????? ??????? ??? ??????? ?	???????	??????	???????	??????????	???????	"??????? ?? ????? ??????? ??? ??????? ????? ???? ????? ??? ???????? ???? ???? ????? ????? ?? ??? ????? ?????? ????????? ????? ?????? ?????? ???????? ??????? ??? ??????? ?? ??? ??????? ???????? ???? ??? ?????? 9.7 ????? ???? ??? ???????? ??? 2018 ?????? 10.6% ?? ?????? ????? ???? ???."
35632762	1	?? ?? ????? ??????? ??? ??????? ?	???????	??????	???????	??????????	???????	"??????? ?? ????? ??????? ??? ??????? ????? ???? ????? ??? ???????? ???? ???? ????? ????? ?? ??? ????? ?????? ????????? ????? ?????? ?????? ???????? ??????? ??? ??????? ?? ??? ??????? ???????? ???? ??? ?????? 9.7 ????? ???? ??? ???????? ??? 2018 ?????? 10.6% ?? ?????? ????? ???? ???."
35632763	1	?? ?? ????? ??????? ??? ??????? ?	???????	??????	???????	??????????	???????	"??????? ?? ????? ??????? ??? ??????? ????? ???? ????? ??? ???????? ???? ???? ????? ????? ?? ??? ????? ?????? ????????? ????? ?????? ?????? ???????? ??????? ??? ??????? ?? ??? ??????? ???????? ???? ??? ?????? 9.7 ????? ???? ??? ???????? ??? 2018 ?????? 10.6% ?? ?????? ????? ???? ???."
35632764	1	?? ?? ????? ??????? ??? ??????? ?	???????	??????	???????	??????????	???????	"??????? ?? ????? ??????? ??? ??????? ????? ???? ????? ??? ???????? ???? ???? ????? ????? ?? ??? ????? ?????? ????????? ????? ?????? ?????? ???????? ??????? ??? ??????? ?? ??? ??????? ???????? ???? ??? ?????? 9.7 ????? ???? ??? ???????? ??? 2018 ?????? 10.6% ?? ?????? ????? ???? ???."
35632765	1	?? ?? ????? ??????? ??? ??????? ?	???????	??????	???????	??????????	???????	"??????? ?? ????? ??????? ??? ??????? ????? ???? ????? ??? ???????? ???? ???? ????? ????? ?? ??? ????? ?????? ????????? ????? ?????? ?????? ???????? ??????? ??? ??????? ?? ??? ??????? ???????? ???? ??? ?????? 9.7 ????? ???? ??? ???????? ??? 2018 ?????? 10.6% ?? ?????? ????? ???? ???."
35632766	1	?? ?? ????? ??????? ??? ??????? ?	???????	??????	???????	??????????	???????	"??????? ?? ????? ??????? ??? ??????? ????? ???? ????? ??? ???????? ???? ???? ????? ????? ?? ??? ????? ?????? ????????? ????? ?????? ?????? ???????? ??????? ??? ??????? ?? ??? ??????? ???????? ???? ??? ?????? 9.7 ????? ???? ??? ???????? ??? 2018 ?????? 10.6% ?? ?????? ????? ???? ???."
35632767	1	?? ?? ????? ??????? ??? ??????? ?	???????	??????	???????	??????????	???????	"??????? ?? ????? ??????? ??? ??????? ????? ???? ????? ??? ???????? ???? ???? ????? ????? ?? ??? ????? ?????? ????????? ????? ?????? ?????? ???????? ??????? ??? ??????? ?? ??? ??????? ???????? ???? ??? ?????? 9.7 ????? ???? ??? ???????? ??? 2018 ?????? 10.6% ?? ?????? ????? ???? ???."
35632768	1	?? ?? ????? ??????? ??? ??????? ?	???????	??????	???????	??????????	???????	"??????? ?? ????? ??????? ??? ??????? ????? ???? ????? ??? ???????? ???? ???? ????? ????? ?? ??? ????? ?????? ????????? ????? ?????? ?????? ???????? ??????? ??? ??????? ?? ??? ??????? ???????? ???? ??? ?????? 9.7 ????? ???? ??? ???????? ??? 2018 ?????? 10.6% ?? ?????? ????? ???? ???."
35632769	1	?? ?? ????? ??????? ??? ??????? ?	???????	??????	???????	??????????	???????	"??????? ?? ????? ??????? ??? ??????? ????? ???? ????? ??? ???????? ???? ???? ????? ????? ?? ??? ????? ?????? ????????? ????? ?????? ?????? ???????? ??????? ??? ??????? ?? ??? ??????? ???????? ???? ??? ?????? 9.7 ????? ???? ??? ???????? ??? 2018 ?????? 10.6% ?? ?????? ????? ???? ???."
35632770	1	?? ?? ????? ??????? ??? ??????? ?	???????	??????	???????	??????????	???????	"??????? ?? ????? ??????? ??? ??????? ????? ???? ????? ??? ???????? ???? ???? ????? ????? ?? ??? ????? ?????? ????????? ????? ?????? ?????? ???????? ??????? ??? ??????? ?? ??? ??????? ???????? ???? ??? ?????? 9.7 ????? ???? ??? ???????? ??? 2018 ?????? 10.6% ?? ?????? ????? ???? ???."
